/*
SQLyog Ultimate v8.32 
MySQL - 5.1.50-community-log : Database - gamedb3
*********************************************************************
*/
/*!40101 SET NAMES utf8 */;

/*!40101 SET SQL_MODE=''*/;

/*!40014 SET @OLD_UNIQUE_CHECKS=@@UNIQUE_CHECKS, UNIQUE_CHECKS=0 */;
/*!40014 SET @OLD_FOREIGN_KEY_CHECKS=@@FOREIGN_KEY_CHECKS, FOREIGN_KEY_CHECKS=0 */;
/*!40101 SET @OLD_SQL_MODE=@@SQL_MODE, SQL_MODE='NO_AUTO_VALUE_ON_ZERO' */;
/*!40111 SET @OLD_SQL_NOTES=@@SQL_NOTES, SQL_NOTES=0 */;


/*Data for the table `addition_type` */

insert  into `addition_type`(`id`,`name`,`description`) values (1,'叠加',''),(2,'百分比',''),(3,'直接覆盖','');

/*Data for the table `cd_time_type` */

insert  into `cd_time_type`(`id`,`cd_type_name`,`ingot_time_ratio`) values (1,'装备强化',60),(2,'奇术升级',240),(3,'变身卡时限',0);

/*Data for the table `db_version` */



/*Data for the table `deploy_grid` */

insert  into `deploy_grid`(`id`,`deploy_mode_id`,`deploy_grid_type_id`,`require_level`) values (1,1,2,0),(2,1,5,1),(3,1,4,2),(4,1,8,5),(5,1,6,10),(6,2,4,0),(7,2,5,1),(8,2,3,2),(9,2,7,5),(10,2,6,10),(11,3,2,0),(12,3,5,1),(13,3,8,2),(14,3,1,5),(15,3,3,10),(16,4,2,0),(17,4,6,1),(18,4,3,2),(19,4,4,5),(20,4,7,10),(21,5,2,0),(22,5,4,1),(23,5,6,2),(24,5,7,5),(25,5,9,10),(26,6,9,0),(27,6,1,1),(28,6,3,2),(29,6,5,5),(30,6,7,10),(31,7,8,0),(32,7,4,1),(33,7,6,2),(34,7,1,5),(35,7,3,10),(36,8,1,0),(37,8,9,1),(38,8,4,2),(39,8,5,5),(40,8,6,10);

/*Data for the table `deploy_grid_type` */

insert  into `deploy_grid_type`(`id`,`name`) values (1,'1'),(2,'2'),(3,'3'),(4,'4'),(5,'5'),(6,'6'),(7,'7'),(8,'8'),(9,'9');

/*Data for the table `deploy_mode` */

insert  into `deploy_mode`(`id`,`name`,`research_id`) values (1,'天门阵',3),(2,'鹤翼阵',4),(3,'天罡阵',10),(4,'刺魂阵',11),(5,'剑形阵',12),(6,'七星阵',13),(7,'飞鱼阵',14),(8,'正奇阵',15);

/*Data for the table `faction` */

/*Data for the table `faction_class` */

insert  into `faction_class`(`id`,`sign`,`name`) values (1,'ShuShan','蜀山'),(2,'KunLun','昆仑'),(3,'PengLai','蓬莱');

/*Data for the table `faction_job` */

/*Data for the table `faction_level` */

/*Data for the table `faction_member` */

/*Data for the table `faction_notify` */

/*Data for the table `faction_request` */

/*Data for the table `herbs` */

insert  into `herbs`(`id`,`sign`,`name`,`ripe_time`,`experience`,`star_level`,`lock`) values (1,'lingzhi','灵芝',3600,4536,1,1),(2,'bainianlingzhi','百年灵芝',7200,9072,2,1),(3,'qiannianlingzhi','千年灵芝',10800,13607,3,1),(4,'wannianlingzhi','万年灵芝',14400,18143,4,1),(5,'jipinlingzhi','极品灵芝',18000,22679,5,1);

/*Data for the table `horse` */

insert into `horse`(`id`,`sign`,`name`) values (1,'chiyanshou','赤焰兽'),(2,'luimaogui','绿毛龟'),(3,'baizheshou','白折兽');

/*Data for the table `item` */

insert  into `item`(`id`,`name`,`type_id`,`icon_id`,`price_level`,`usage`,`description`,`quality`,`attack`,`attack_up`,`defense`,`defense_up`,`stunt_attack`,`stunt_attack_up`,`stunt_defense`,`stunt_defense_up`,`magic_attack`,`magic_attack_up`,`magic_defense`,`magic_defense_up`,`health`,`health_up`,`require_level`) values (1,'赤羽头盔',1,0,1,'装备','红色羽毛锻造而成的头盔',1,0,0,6,3,0,0,6,3,0,0,0,0,0,0,10),(2,'青钢剑',2,0,1,'装备','青钢淬炼而成，锋利无比',1,10,1,0,0,2,1,0,0,0,0,0,0,0,0,1),(3,'火牛战魂',3,0,1,'使用','火舌绕身，双角如刃，以尾为火之源',1,0,0,0,0,50,5,0,0,0,0,0,0,0,0,1),(5,'青竹护符',5,0,1,'装备','青竹制造，坚固耐用',1,0,0,0,0,0,0,0,0,0,0,0,0,12,2,1),(7,'小气血包',10001,0,1,'使用','恢复气血',1,0,0,0,0,0,0,0,0,0,0,0,0,0,0,1),(9,'狼尾草',10003,0,1,'出售','寄生于进化为妖之草妖身上',1,0,0,0,0,0,0,0,0,0,0,0,0,0,0,1),(11,'妖树枝',10003,0,2,'出售','树妖身上掉落，透露出一丝妖力',1,0,0,0,0,0,0,0,0,0,0,0,0,0,0,1),(13,'皮拳套',2,0,1,'装备','皮制拳套',1,10,1,0,0,2,1,0,0,0,0,0,0,0,0,1),(14,'风之弓',2,0,1,'装备','如风一般轻巧而迅捷',1,10,1,0,0,2,1,0,0,0,0,0,0,0,0,1),(16,'连环白衣',4,0,1,'装备','数环图腾的普通战甲',1,0,0,10,5,0,0,4,3,0,0,0,0,0,0,10),(17,'出云长靴',6,0,1,'装备','如浮云般的白色靴子',1,0,0,4,3,0,0,10,5,0,0,0,0,0,0,10),(18,'狼爪',10003,0,3,'出售','恶狼之利爪',1,0,0,0,0,0,0,0,0,0,0,0,0,0,0,1),(19,'山猪骨',10003,0,4,'出售','山猪妖身上掉落，可熬成浓汤',1,0,0,0,0,0,0,0,0,0,0,0,0,0,0,1),(20,'狼脊',10003,0,5,'出售','狼妖厚硬部分，可用来制作盾物',1,0,0,0,0,0,0,0,0,0,0,0,0,0,0,1),(21,'狼牙',10003,0,6,'出售','狼妖之锋利牙齿，可制作狼牙棒',1,0,0,0,0,0,0,0,0,0,0,0,0,0,0,1),(22,'田鸡肉',10003,0,7,'出售','商家最爱，风靡全城之美食',1,0,0,0,0,0,0,0,0,0,0,0,0,0,0,1),(23,'血凝爪',10003,0,8,'出售','被此爪抓伤者，全身血块凝结而死',1,0,0,0,0,0,0,0,0,0,0,0,0,0,0,1),(24,'铭牌',10003,0,9,'出售','仙家信物，可换取钱财',1,0,0,0,0,0,0,0,0,0,0,0,0,0,0,1),(25,'龙芽草',10004,1,1,'','仙灵岛草药',1,0,0,0,0,0,0,0,0,0,0,0,0,0,0,1),(26,'货物',10004,1,1,'','芸娘的货物',1,0,0,0,0,0,0,0,0,0,0,0,0,0,0,1),(27,'内丹',10004,1,1,'','飞翼的内脏做成的丹药',1,0,0,0,0,0,0,0,0,0,0,0,0,0,0,1),(28,'虚天护符',5,0,1,'装备','',1,0,0,0,0,0,0,0,0,0,0,0,0,22,7,10),(29,'羽刚护符',5,0,1,'装备','',2,0,0,0,0,0,0,0,0,0,0,0,0,26,9,10),(30,'石林项链',5,0,1,'装备','',1,0,0,0,0,0,0,0,0,0,0,0,0,54,4,20),(33,'蛇皮',10003,0,10,'出售','富家美妇用来护肤之宝物',1,0,0,0,0,0,0,0,0,0,0,0,0,0,0,1),(32,'筋斗云',7,1,1,'出售','加快移动速度',1,0,0,0,0,0,0,0,0,0,0,0,0,0,0,1),(34,'红蛇果',10003,0,11,'出售','红蛇出没之处所长之果物，入口鲜美却有剧毒',1,0,0,0,0,0,0,0,0,0,0,0,0,0,0,1),(35,'蝮蛇涎',10003,0,12,'出售','蛇之分泌物，可入药',1,0,0,0,0,0,0,0,0,0,0,0,0,0,0,1),(36,'赤虫草',10003,0,13,'出售','通体透红的稀有草药',1,0,0,0,0,0,0,0,0,0,0,0,0,0,0,1),(37,'冰蟾皮',10003,0,13,'出售','制成衣服可抵御炎热，可卖予杂货商',1,0,0,0,0,0,0,0,0,0,0,0,0,0,0,1),(38,'金蟾胆',10003,0,14,'出售','卖予药家研制灵药之重要药材',1,0,0,0,0,0,0,0,0,0,0,0,0,0,0,1),(39,'不化骨',10003,0,15,'出售','历经百年而不化之僵尸骨，可卖予武器商人',1,0,0,0,0,0,0,0,0,0,0,0,0,0,0,1),(40,'鬼切草',10003,0,15,'出售','产自阴间的药草 ',1,0,0,0,0,0,0,0,0,0,0,0,0,0,0,1),(41,'鬼佛珠',10003,0,16,'出售','可避邪，世人愿用重宝相购之物',1,0,0,0,0,0,0,0,0,0,0,0,0,0,0,1),(42,'巨阙剑',2,0,1,'装备','剑身宽阔，巨剑称号',1,15,6,0,0,3,2,0,0,0,0,0,0,0,0,10),(43,'幻灭剑',2,0,1,'装备','一剑出，万籁皆静',2,18,9,0,0,4,3,0,0,0,0,0,0,0,0,10),(44,'天蚕头盔',1,0,2,'装备','用靠天地灵力而生之天蚕丝锻造而成的头冠',2,0,0,10,2,0,0,10,2,0,0,0,0,0,0,10),(45,'天蚕法袍',4,0,2,'装备','用靠天地灵力而生之天蚕丝锻造而成的法袍',2,0,0,16,2,0,0,7,2,0,0,0,0,0,0,10),(46,'天蚕战靴',6,0,2,'装备','用靠天地灵力而生之天蚕丝锻造而成的靴子',2,0,0,7,2,0,0,16,2,0,0,0,0,0,0,10),(47,'冰蟾胆',10004,1,1,'','绿食冰蟾的胆，可入药',1,0,0,0,0,0,0,0,0,0,0,0,0,0,0,1),(48,'草妖卡',10005,1,1,'使用','变为草妖，持续60分钟',1,0,0,0,0,0,0,0,0,0,0,0,0,0,0,1),(49,'树妖卡',10005,1,1,'使用','变为树妖，持续60分钟',1,0,0,0,0,0,0,0,0,0,0,0,0,0,0,1),(50,'山猪卡',10005,1,1,'使用','变为树妖，持续60分钟',1,0,0,0,0,0,0,0,0,0,0,0,0,0,0,1),(51,'狼妖卡',10005,1,1,'使用','变为树妖，持续60分钟',1,0,0,0,0,0,0,0,0,0,0,0,0,0,0,1),(52,' 百宝箱',7,0,21,'','',1,0,0,0,0,0,0,0,0,0,0,0,0,0,0,0);

/*Data for the table `item_equip_job` */

insert  into `item_equip_job`(`item_id`,`role_job_id`) values (1,1),(1,2),(1,3),(1,5),(1,6),(1,7),(2,2),(3,1),(3,2),(3,3),(5,1),(5,2),(5,3),(13,1),(14,3),(16,1),(16,2),(16,3),(16,5),(16,6),(16,7),(17,1),(17,2),(17,3),(42,2),(43,2),(44,1),(44,2),(44,3),(44,5),(44,6),(44,7),(45,1),(45,2),(45,3),(46,1),(46,2),(46,3);

/*Data for the table `item_pack_grid` */

insert  into `item_pack_grid`(`id`,`name`,`ingot`,`unlock_level`,`equip_item_type`) values (1,'背包格子01',0,1,NULL),(2,'背包格子02',0,2,NULL),(3,'背包格子03',0,3,NULL),(4,'背包格子04',0,4,NULL),(5,'背包格子05',0,5,NULL),(6,'背包格子06',0,6,NULL),(7,'背包格子07',0,7,NULL),(8,'背包格子08',0,8,NULL),(9,'背包格子09',0,9,NULL),(10,'背包格子10',0,10,NULL),(11,'背包格子11',0,11,NULL),(12,'背包格子12',0,12,NULL),(13,'背包格子13',0,13,NULL),(14,'背包格子14',0,14,NULL),(15,'背包格子15',0,15,NULL),(16,'背包格子16',0,16,NULL),(17,'背包格子17',0,17,NULL),(18,'背包格子18',0,18,NULL),(19,'背包格子19',10,19,NULL),(20,'背包格子20',10,20,NULL),(21,'背包格子21',10,21,NULL),(22,'背包格子22',10,22,NULL),(23,'背包格子23',10,23,NULL),(24,'背包格子24',10,24,NULL),(25,'背包格子25',10,25,NULL),(26,'背包格子26',10,26,NULL),(27,'背包格子27',10,27,NULL),(28,'背包格子28',10,28,NULL),(29,'背包格子29',10,29,NULL),(30,'背包格子30',10,30,NULL),(31,'背包格子31',10,31,NULL),(32,'背包格子32',10,32,NULL),(33,'背包格子33',10,33,NULL),(34,'背包格子34',10,34,NULL),(35,'背包格子35',10,35,NULL),(36,'背包格子36',10,36,NULL),(101,'仓库格子1',0,1,NULL),(102,'仓库格子2',0,2,NULL),(103,'仓库格子3',0,3,NULL),(104,'仓库格子4',0,4,NULL),(105,'仓库格子5',0,5,NULL),(106,'仓库格子6',0,6,NULL),(107,'仓库格子7',0,7,NULL),(108,'仓库格子8',0,8,NULL),(109,'仓库格子9',0,9,NULL),(110,'仓库格子10',0,10,NULL),(111,'仓库格子11',0,11,NULL),(112,'仓库格子12',0,12,NULL),(113,'仓库格子13',0,13,NULL),(114,'仓库格子14',0,14,NULL),(115,'仓库格子15',0,15,NULL),(116,'仓库格子16',0,16,NULL),(117,'仓库格子17',0,17,NULL),(118,'仓库格子18',10,18,NULL),(119,'仓库格子19',10,19,NULL),(120,'仓库格子20',10,20,NULL),(121,'仓库格子21',10,21,NULL),(122,'仓库格子22',10,22,NULL),(123,'仓库格子23',10,23,NULL),(124,'仓库格子24',10,24,NULL),(125,'仓库格子25',10,25,NULL),(126,'仓库格子26',10,26,NULL),(127,'仓库格子27',10,27,NULL),(128,'仓库格子28',10,28,NULL),(129,'仓库格子29',10,29,NULL),(130,'仓库格子30',10,30,NULL),(131,'仓库格子31',10,31,NULL),(132,'仓库格子32',10,32,NULL),(133,'仓库格子33',10,33,NULL),(134,'仓库格子34',10,34,NULL),(135,'仓库格子35',10,35,NULL),(136,'仓库格子36',10,36,NULL),(201,'角色头盔位置',0,1,1),(202,'角色武器位置',0,1,2),(203,'角色魂器位置',0,1,3),(204,'角色衣服位置',0,1,4),(205,'角色护符位置',0,1,5),(206,'角色鞋子位置',0,1,6);

/*Data for the table `item_price` */

insert  into `item_price`(`level`,`item_price`,`equip_price`) values (1,1,15),(2,2,18),(3,3,21),(4,4,26),(5,5,31),(6,6,49),(7,7,56),(8,8,84),(9,9,117),(10,10,180),(11,11,256),(12,12,351),(13,13,459),(14,14,591),(15,15,779),(16,16,1050),(17,17,1372),(18,18,1734),(19,19,2156),(20,20,2689),(21,100000,1);

/*Data for the table `item_quality` */

insert  into `item_quality`(`quality`,`name`) values (1,'普通'),(2,'优秀'),(3,'精良'),(4,'传说'),(5,'神话');

/*Data for the table `item_type` */

insert  into `item_type`(`id`,`sign`,`name`,`max_repeat_num`) values (1,'TouKui','头盔',1),(2,'WuQi','武器',1),(3,'HunQi','魂器',1),(4,'YiFu','衣服',1),(5,'HuFu','护符',1),(6,'XieZi','鞋子',1),(10001,'HongYao','红药',20),(10003,'ZaWu','杂物',20),(10004,'RenWuWuPin','任务物品',20),(7,'ZuoJi','坐骑',1),(10005,'BianShen','变身道具',99);

/*Data for the table `item_upgrade` */

insert  into `item_upgrade`(`level`,`name`) values (1,'炼气1阶'),(2,'炼气2阶'),(3,'炼气3阶'),(4,'炼气4阶'),(5,'炼气5阶'),(6,'炼气6阶'),(7,'炼气7阶'),(8,'炼气8阶'),(9,'炼气9阶'),(10,'炼气10阶'),(11,'筑基1阶'),(12,'筑基2阶'),(13,'筑基3阶'),(14,'筑基4阶'),(15,'筑基5阶'),(16,'筑基6阶'),(17,'筑基7阶'),(18,'筑基8阶'),(19,'筑基9阶'),(20,'筑基10阶'),(21,'结丹1阶'),(22,'结丹2阶'),(23,'结丹3阶'),(24,'结丹4阶'),(25,'结丹5阶'),(26,'结丹6阶'),(27,'结丹7阶'),(28,'结丹8阶'),(29,'结丹9阶'),(30,'结丹10阶'),(31,'元婴1阶'),(32,'元婴2阶'),(33,'元婴3阶'),(34,'元婴4阶'),(35,'元婴5阶'),(36,'元婴6阶'),(37,'元婴7阶'),(38,'元婴8阶'),(39,'元婴9阶'),(40,'元婴10阶'),(41,'化神1阶'),(42,'化神2阶'),(43,'化神3阶'),(44,'化神4阶'),(45,'化神5阶'),(46,'化神6阶'),(47,'化神7阶'),(48,'化神8阶'),(49,'化神9阶'),(50,'化神10阶'),(51,'炼虚1阶'),(52,'炼虚2阶'),(53,'炼虚3阶'),(54,'炼虚4阶'),(55,'炼虚5阶'),(56,'炼虚6阶'),(57,'炼虚7阶'),(58,'炼虚8阶'),(59,'炼虚9阶'),(60,'炼虚10阶'),(61,'合体1阶'),(62,'合体2阶'),(63,'合体3阶'),(64,'合体4阶'),(65,'合体5阶'),(66,'合体6阶'),(67,'合体7阶'),(68,'合体8阶'),(69,'合体9阶'),(70,'合体10阶'),(71,'大乘1阶'),(72,'大乘2阶'),(73,'大乘3阶'),(74,'大乘4阶'),(75,'大乘5阶'),(76,'大乘6阶'),(77,'大乘7阶'),(78,'大乘8阶'),(79,'大乘9阶'),(80,'大乘10阶'),(81,'渡劫1阶'),(82,'渡劫2阶'),(83,'渡劫3阶'),(84,'渡劫4阶'),(85,'渡劫5阶'),(86,'渡劫6阶'),(87,'渡劫7阶'),(88,'渡劫8阶'),(89,'渡劫9阶'),(90,'渡劫10阶'),(91,'飞仙1阶'),(92,'飞仙2阶'),(93,'飞仙3阶'),(94,'飞仙4阶'),(95,'飞仙5阶'),(96,'飞仙6阶'),(97,'飞仙7阶'),(98,'飞仙8阶'),(99,'飞仙9阶'),(100,'飞仙10阶');

/*Data for the table `item_upgrade_price` */

insert  into `item_upgrade_price`(`upgrade_level`,`item_type_id`,`item_quality_id`,`upgrade_price`) values (1,1,1,5),(1,1,2,6),(1,1,3,7),(1,1,4,8),(1,1,5,9),(1,2,1,10),(1,2,2,12),(1,2,3,14),(1,2,4,16),(1,2,5,20),(1,3,1,9),(1,3,2,11),(1,3,3,13),(1,3,4,15),(1,3,5,18),(1,4,1,6),(1,4,2,7),(1,4,3,8),(1,4,4,9),(1,4,5,11),(1,5,1,8),(1,5,2,10),(1,5,3,12),(1,5,4,13),(1,5,5,16),(1,6,1,5),(1,6,2,6),(1,6,3,7),(1,6,4,8),(1,6,5,10),(2,1,1,5),(2,1,2,6),(2,1,3,7),(2,1,4,8),(2,1,5,9),(2,2,1,10),(2,2,2,12),(2,2,3,14),(2,2,4,16),(2,2,5,20),(2,3,1,9),(2,3,2,11),(2,3,3,13),(2,3,4,15),(2,3,5,18),(2,4,1,6),(2,4,2,7),(2,4,3,8),(2,4,4,9),(2,4,5,11),(2,5,1,8),(2,5,2,10),(2,5,3,12),(2,5,4,13),(2,5,5,16),(2,6,1,5),(2,6,2,6),(2,6,3,7),(2,6,4,8),(2,6,5,10),(3,1,1,5),(3,1,2,6),(3,1,3,7),(3,1,4,8),(3,1,5,9),(3,2,1,10),(3,2,2,12),(3,2,3,14),(3,2,4,16),(3,2,5,20),(3,3,1,9),(3,3,2,11),(3,3,3,13),(3,3,4,15),(3,3,5,18),(3,4,1,6),(3,4,2,7),(3,4,3,8),(3,4,4,9),(3,4,5,11),(3,5,1,8),(3,5,2,10),(3,5,3,12),(3,5,4,13),(3,5,5,16),(3,6,1,5),(3,6,2,6),(3,6,3,7),(3,6,4,8),(3,6,5,10),(4,1,1,7),(4,1,2,9),(4,1,3,10),(4,1,4,11),(4,1,5,14),(4,2,1,15),(4,2,2,18),(4,2,3,21),(4,2,4,24),(4,2,5,30),(4,3,1,14),(4,3,2,17),(4,3,3,19),(4,3,4,22),(4,3,5,27),(4,4,1,9),(4,4,2,10),(4,4,3,12),(4,4,4,14),(4,4,5,17),(4,5,1,12),(4,5,2,15),(4,5,3,17),(4,5,4,20),(4,5,5,24),(4,6,1,8),(4,6,2,9),(4,6,3,11),(4,6,4,12),(4,6,5,15),(5,1,1,7),(5,1,2,9),(5,1,3,10),(5,1,4,11),(5,1,5,14),(5,2,1,15),(5,2,2,18),(5,2,3,21),(5,2,4,24),(5,2,5,30),(5,3,1,14),(5,3,2,17),(5,3,3,19),(5,3,4,22),(5,3,5,27),(5,4,1,9),(5,4,2,10),(5,4,3,12),(5,4,4,14),(5,4,5,17),(5,5,1,12),(5,5,2,15),(5,5,3,17),(5,5,4,20),(5,5,5,24),(5,6,1,8),(5,6,2,9),(5,6,3,11),(5,6,4,12),(5,6,5,15),(6,1,1,12),(6,1,2,14),(6,1,3,16),(6,1,4,18),(6,1,5,23),(6,2,1,25),(6,2,2,30),(6,2,3,35),(6,2,4,40),(6,2,5,50),(6,3,1,23),(6,3,2,27),(6,3,3,32),(6,3,4,36),(6,3,5,45),(6,4,1,14),(6,4,2,17),(6,4,3,20),(6,4,4,22),(6,4,5,28),(6,5,1,20),(6,5,2,24),(6,5,3,28),(6,5,4,32),(6,5,5,40),(6,6,1,13),(6,6,2,15),(6,6,3,18),(6,6,4,20),(6,6,5,25),(7,1,1,12),(7,1,2,14),(7,1,3,16),(7,1,4,18),(7,1,5,23),(7,2,1,25),(7,2,2,30),(7,2,3,35),(7,2,4,40),(7,2,5,50),(7,3,1,23),(7,3,2,27),(7,3,3,32),(7,3,4,36),(7,3,5,45),(7,4,1,14),(7,4,2,17),(7,4,3,20),(7,4,4,22),(7,4,5,28),(7,5,1,20),(7,5,2,24),(7,5,3,28),(7,5,4,32),(7,5,5,40),(7,6,1,13),(7,6,2,15),(7,6,3,18),(7,6,4,20),(7,6,5,25),(8,1,1,16),(8,1,2,19),(8,1,3,23),(8,1,4,26),(8,1,5,32),(8,2,1,35),(8,2,2,42),(8,2,3,49),(8,2,4,56),(8,2,5,70),(8,3,1,32),(8,3,2,38),(8,3,3,45),(8,3,4,51),(8,3,5,63),(8,4,1,20),(8,4,2,24),(8,4,3,27),(8,4,4,31),(8,4,5,39),(8,5,1,28),(8,5,2,34),(8,5,3,40),(8,5,4,45),(8,5,5,56),(8,6,1,18),(8,6,2,21),(8,6,3,25),(8,6,4,28),(8,6,5,35),(9,1,1,23),(9,1,2,27),(9,1,3,32),(9,1,4,36),(9,1,5,45),(9,2,1,50),(9,2,2,60),(9,2,3,70),(9,2,4,80),(9,2,5,100),(9,3,1,45),(9,3,2,54),(9,3,3,63),(9,3,4,72),(9,3,5,90),(9,4,1,28),(9,4,2,33),(9,4,3,39),(9,4,4,44),(9,4,5,55),(9,5,1,40),(9,5,2,48),(9,5,3,56),(9,5,4,64),(9,5,5,80),(9,6,1,25),(9,6,2,30),(9,6,3,35),(9,6,4,40),(9,6,5,50),(10,1,1,34),(10,1,2,41),(10,1,3,48),(10,1,4,54),(10,1,5,68),(10,2,1,75),(10,2,2,90),(10,2,3,105),(10,2,4,120),(10,2,5,150),(10,3,1,68),(10,3,2,81),(10,3,3,95),(10,3,4,108),(10,3,5,135),(10,4,1,42),(10,4,2,50),(10,4,3,58),(10,4,4,66),(10,4,5,83),(10,5,1,60),(10,5,2,72),(10,5,3,84),(10,5,4,96),(10,5,5,120),(10,6,1,38),(10,6,2,45),(10,6,3,53),(10,6,4,60),(10,6,5,75),(11,1,1,50),(11,1,2,60),(11,1,3,70),(11,1,4,80),(11,1,5,99),(11,2,1,110),(11,2,2,132),(11,2,3,154),(11,2,4,176),(11,2,5,220),(11,3,1,99),(11,3,2,119),(11,3,3,139),(11,3,4,159),(11,3,5,198),(11,4,1,61),(11,4,2,73),(11,4,3,85),(11,4,4,97),(11,4,5,121),(11,5,1,88),(11,5,2,106),(11,5,3,124),(11,5,4,141),(11,5,5,176),(11,6,1,55),(11,6,2,66),(11,6,3,77),(11,6,4,88),(11,6,5,110),(12,1,1,68),(12,1,2,81),(12,1,3,95),(12,1,4,108),(12,1,5,135),(12,2,1,150),(12,2,2,180),(12,2,3,210),(12,2,4,240),(12,2,5,300),(12,3,1,135),(12,3,2,162),(12,3,3,189),(12,3,4,216),(12,3,5,270),(12,4,1,83),(12,4,2,99),(12,4,3,116),(12,4,4,132),(12,4,5,165),(12,5,1,120),(12,5,2,144),(12,5,3,168),(12,5,4,192),(12,5,5,240),(12,6,1,75),(12,6,2,90),(12,6,3,105),(12,6,4,120),(12,6,5,150),(13,1,1,88),(13,1,2,106),(13,1,3,123),(13,1,4,141),(13,1,5,176),(13,2,1,195),(13,2,2,234),(13,2,3,273),(13,2,4,312),(13,2,5,390),(13,3,1,176),(13,3,2,211),(13,3,3,246),(13,3,4,281),(13,3,5,351),(13,4,1,108),(13,4,2,129),(13,4,3,151),(13,4,4,172),(13,4,5,215),(13,5,1,156),(13,5,2,188),(13,5,3,219),(13,5,4,250),(13,5,5,312),(13,6,1,98),(13,6,2,117),(13,6,3,137),(13,6,4,156),(13,6,5,195),(14,1,1,113),(14,1,2,135),(14,1,3,158),(14,1,4,180),(14,1,5,225),(14,2,1,250),(14,2,2,300),(14,2,3,350),(14,2,4,400),(14,2,5,500),(14,3,1,225),(14,3,2,270),(14,3,3,315),(14,3,4,360),(14,3,5,450),(14,4,1,138),(14,4,2,165),(14,4,3,193),(14,4,4,220),(14,4,5,275),(14,5,1,200),(14,5,2,240),(14,5,3,280),(14,5,4,320),(14,5,5,400),(14,6,1,125),(14,6,2,150),(14,6,3,175),(14,6,4,200),(14,6,5,250),(15,1,1,147),(15,1,2,176),(15,1,3,205),(15,1,4,234),(15,1,5,293),(15,2,1,325),(15,2,2,390),(15,2,3,455),(15,2,4,520),(15,2,5,650),(15,3,1,293),(15,3,2,351),(15,3,3,410),(15,3,4,468),(15,3,5,585),(15,4,1,179),(15,4,2,215),(15,4,3,251),(15,4,4,286),(15,4,5,358),(15,5,1,260),(15,5,2,312),(15,5,3,364),(15,5,4,416),(15,5,5,520),(15,6,1,163),(15,6,2,195),(15,6,3,228),(15,6,4,260),(15,6,5,325),(16,1,1,198),(16,1,2,238),(16,1,3,278),(16,1,4,317),(16,1,5,396),(16,2,1,440),(16,2,2,528),(16,2,3,616),(16,2,4,704),(16,2,5,880),(16,3,1,396),(16,3,2,476),(16,3,3,555),(16,3,4,634),(16,3,5,792),(16,4,1,242),(16,4,2,291),(16,4,3,339),(16,4,4,388),(16,4,5,484),(16,5,1,352),(16,5,2,423),(16,5,3,493),(16,5,4,564),(16,5,5,704),(16,6,1,220),(16,6,2,264),(16,6,3,308),(16,6,4,352),(16,6,5,440),(17,1,1,270),(17,1,2,324),(17,1,3,378),(17,1,4,432),(17,1,5,540),(17,2,1,600),(17,2,2,720),(17,2,3,840),(17,2,4,960),(17,2,5,1200),(17,3,1,540),(17,3,2,648),(17,3,3,756),(17,3,4,864),(17,3,5,1080),(17,4,1,330),(17,4,2,396),(17,4,3,462),(17,4,4,528),(17,4,5,660),(17,5,1,480),(17,5,2,576),(17,5,3,672),(17,5,4,768),(17,5,5,960),(17,6,1,300),(17,6,2,360),(17,6,3,420),(17,6,4,480),(17,6,5,600),(18,1,1,338),(18,1,2,405),(18,1,3,473),(18,1,4,540),(18,1,5,675),(18,2,1,750),(18,2,2,900),(18,2,3,1050),(18,2,4,1200),(18,2,5,1500),(18,3,1,675),(18,3,2,810),(18,3,3,945),(18,3,4,1080),(18,3,5,1350),(18,4,1,413),(18,4,2,495),(18,4,3,578),(18,4,4,660),(18,4,5,825),(18,5,1,600),(18,5,2,720),(18,5,3,840),(18,5,4,960),(18,5,5,1200),(18,6,1,375),(18,6,2,450),(18,6,3,525),(18,6,4,600),(18,6,5,750),(19,1,1,405),(19,1,2,486),(19,1,3,567),(19,1,4,648),(19,1,5,810),(19,2,1,900),(19,2,2,1080),(19,2,3,1260),(19,2,4,1440),(19,2,5,1800),(19,3,1,810),(19,3,2,972),(19,3,3,1134),(19,3,4,1296),(19,3,5,1620),(19,4,1,495),(19,4,2,594),(19,4,3,693),(19,4,4,792),(19,4,5,990),(19,5,1,720),(19,5,2,864),(19,5,3,1008),(19,5,4,1152),(19,5,5,1440),(19,6,1,450),(19,6,2,540),(19,6,3,630),(19,6,4,720),(19,6,5,900),(20,1,1,518),(20,1,2,621),(20,1,3,725),(20,1,4,828),(20,1,5,1035),(20,2,1,1150),(20,2,2,1380),(20,2,3,1610),(20,2,4,1840),(20,2,5,2300),(20,3,1,1035),(20,3,2,1242),(20,3,3,1449),(20,3,4,1656),(20,3,5,2070),(20,4,1,633),(20,4,2,759),(20,4,3,886),(20,4,4,1012),(20,4,5,1265),(20,5,1,920),(20,5,2,1104),(20,5,3,1288),(20,5,4,1472),(20,5,5,1840),(20,6,1,575),(20,6,2,690),(20,6,3,805),(20,6,4,920),(20,6,5,1150),(21,1,1,653),(21,1,2,783),(21,1,3,914),(21,1,4,1044),(21,1,5,1305),(21,2,1,1450),(21,2,2,1740),(21,2,3,2030),(21,2,4,2320),(21,2,5,2900),(21,3,1,1305),(21,3,2,1566),(21,3,3,1827),(21,3,4,2088),(21,3,5,2610),(21,4,1,798),(21,4,2,957),(21,4,3,1117),(21,4,4,1276),(21,4,5,1595),(21,5,1,1160),(21,5,2,1392),(21,5,3,1624),(21,5,4,1856),(21,5,5,2320),(21,6,1,725),(21,6,2,870),(21,6,3,1015),(21,6,4,1160),(21,6,5,1450),(22,1,1,765),(22,1,2,918),(22,1,3,1071),(22,1,4,1224),(22,1,5,1530),(22,2,1,1700),(22,2,2,2040),(22,2,3,2380),(22,2,4,2720),(22,2,5,3400),(22,3,1,1530),(22,3,2,1836),(22,3,3,2142),(22,3,4,2448),(22,3,5,3060),(22,4,1,935),(22,4,2,1122),(22,4,3,1309),(22,4,4,1496),(22,4,5,1870),(22,5,1,1360),(22,5,2,1632),(22,5,3,1904),(22,5,4,2176),(22,5,5,2720),(22,6,1,850),(22,6,2,1020),(22,6,3,1190),(22,6,4,1360),(22,6,5,1700),(23,1,1,945),(23,1,2,1134),(23,1,3,1323),(23,1,4,1512),(23,1,5,1890),(23,2,1,2100),(23,2,2,2520),(23,2,3,2940),(23,2,4,3360),(23,2,5,4200),(23,3,1,1890),(23,3,2,2268),(23,3,3,2646),(23,3,4,3024),(23,3,5,3780),(23,4,1,1155),(23,4,2,1386),(23,4,3,1617),(23,4,4,1848),(23,4,5,2310),(23,5,1,1680),(23,5,2,2016),(23,5,3,2352),(23,5,4,2688),(23,5,5,3360),(23,6,1,1050),(23,6,2,1260),(23,6,3,1470),(23,6,4,1680),(23,6,5,2100),(24,1,1,1125),(24,1,2,1350),(24,1,3,1575),(24,1,4,1800),(24,1,5,2250),(24,2,1,2500),(24,2,2,3000),(24,2,3,3500),(24,2,4,4000),(24,2,5,5000),(24,3,1,2250),(24,3,2,2700),(24,3,3,3150),(24,3,4,3600),(24,3,5,4500),(24,4,1,1375),(24,4,2,1650),(24,4,3,1925),(24,4,4,2200),(24,4,5,2750),(24,5,1,2000),(24,5,2,2400),(24,5,3,2800),(24,5,4,3200),(24,5,5,4000),(24,6,1,1250),(24,6,2,1500),(24,6,3,1750),(24,6,4,2000),(24,6,5,2500),(25,1,1,1373),(25,1,2,1647),(25,1,3,1922),(25,1,4,2196),(25,1,5,2745),(25,2,1,3050),(25,2,2,3660),(25,2,3,4270),(25,2,4,4880),(25,2,5,6100),(25,3,1,2745),(25,3,2,3294),(25,3,3,3843),(25,3,4,4392),(25,3,5,5490),(25,4,1,1678),(25,4,2,2013),(25,4,3,2349),(25,4,4,2684),(25,4,5,3355),(25,5,1,2440),(25,5,2,2928),(25,5,3,3416),(25,5,4,3904),(25,5,5,4880),(25,6,1,1525),(25,6,2,1830),(25,6,3,2135),(25,6,4,2440),(25,6,5,3050),(26,1,1,1620),(26,1,2,1944),(26,1,3,2268),(26,1,4,2592),(26,1,5,3240),(26,2,1,3600),(26,2,2,4320),(26,2,3,5040),(26,2,4,5760),(26,2,5,7200),(26,3,1,3240),(26,3,2,3888),(26,3,3,4536),(26,3,4,5184),(26,3,5,6480),(26,4,1,1980),(26,4,2,2376),(26,4,3,2772),(26,4,4,3168),(26,4,5,3960),(26,5,1,2880),(26,5,2,3456),(26,5,3,4032),(26,5,4,4608),(26,5,5,5760),(26,6,1,1800),(26,6,2,2160),(26,6,3,2520),(26,6,4,2880),(26,6,5,3600),(27,1,1,1935),(27,1,2,2322),(27,1,3,2709),(27,1,4,3096),(27,1,5,3870),(27,2,1,4300),(27,2,2,5160),(27,2,3,6020),(27,2,4,6880),(27,2,5,8600),(27,3,1,3870),(27,3,2,4644),(27,3,3,5418),(27,3,4,6192),(27,3,5,7740),(27,4,1,2365),(27,4,2,2838),(27,4,3,3311),(27,4,4,3784),(27,4,5,4730),(27,5,1,3440),(27,5,2,4128),(27,5,3,4816),(27,5,4,5504),(27,5,5,6880),(27,6,1,2150),(27,6,2,2580),(27,6,3,3010),(27,6,4,3440),(27,6,5,4300),(28,1,1,2250),(28,1,2,2700),(28,1,3,3150),(28,1,4,3600),(28,1,5,4500),(28,2,1,5000),(28,2,2,6000),(28,2,3,7000),(28,2,4,8000),(28,2,5,10000),(28,3,1,4500),(28,3,2,5400),(28,3,3,6300),(28,3,4,7200),(28,3,5,9000),(28,4,1,2750),(28,4,2,3300),(28,4,3,3850),(28,4,4,4400),(28,4,5,5500),(28,5,1,4000),(28,5,2,4800),(28,5,3,5600),(28,5,4,6400),(28,5,5,8000),(28,6,1,2500),(28,6,2,3000),(28,6,3,3500),(28,6,4,4000),(28,6,5,5000),(29,1,1,2633),(29,1,2,3159),(29,1,3,3686),(29,1,4,4212),(29,1,5,5265),(29,2,1,5850),(29,2,2,7020),(29,2,3,8190),(29,2,4,9360),(29,2,5,11700),(29,3,1,5265),(29,3,2,6318),(29,3,3,7371),(29,3,4,8424),(29,3,5,10530),(29,4,1,3218),(29,4,2,3861),(29,4,3,4505),(29,4,4,5148),(29,4,5,6435),(29,5,1,4680),(29,5,2,5616),(29,5,3,6552),(29,5,4,7488),(29,5,5,9360),(29,6,1,2925),(29,6,2,3510),(29,6,3,4095),(29,6,4,4680),(29,6,5,5850),(30,1,1,3060),(30,1,2,3672),(30,1,3,4284),(30,1,4,4896),(30,1,5,6120),(30,2,1,6800),(30,2,2,8160),(30,2,3,9520),(30,2,4,10880),(30,2,5,13600),(30,3,1,6120),(30,3,2,7344),(30,3,3,8568),(30,3,4,9792),(30,3,5,12240),(30,4,1,3740),(30,4,2,4488),(30,4,3,5236),(30,4,4,5984),(30,4,5,7480),(30,5,1,5440),(30,5,2,6528),(30,5,3,7616),(30,5,4,8704),(30,5,5,10880),(30,6,1,3400),(30,6,2,4080),(30,6,3,4760),(30,6,4,5440),(30,6,5,6800),(31,1,1,3578),(31,1,2,4293),(31,1,3,5009),(31,1,4,5724),(31,1,5,7155),(31,2,1,7950),(31,2,2,9540),(31,2,3,11130),(31,2,4,12720),(31,2,5,15900),(31,3,1,7155),(31,3,2,8586),(31,3,3,10017),(31,3,4,11448),(31,3,5,14310),(31,4,1,4373),(31,4,2,5247),(31,4,3,6122),(31,4,4,6996),(31,4,5,8745),(31,5,1,6360),(31,5,2,7632),(31,5,3,8904),(31,5,4,10176),(31,5,5,12720),(31,6,1,3975),(31,6,2,4770),(31,6,3,5565),(31,6,4,6360),(31,6,5,7950),(32,1,1,4118),(32,1,2,4941),(32,1,3,5765),(32,1,4,6588),(32,1,5,8235),(32,2,1,9150),(32,2,2,10980),(32,2,3,12810),(32,2,4,14640),(32,2,5,18300),(32,3,1,8235),(32,3,2,9882),(32,3,3,11529),(32,3,4,13176),(32,3,5,16470),(32,4,1,5033),(32,4,2,6039),(32,4,3,7046),(32,4,4,8052),(32,4,5,10065),(32,5,1,7320),(32,5,2,8784),(32,5,3,10248),(32,5,4,11712),(32,5,5,14640),(32,6,1,4575),(32,6,2,5490),(32,6,3,6405),(32,6,4,7320),(32,6,5,9150),(33,1,1,4748),(33,1,2,5697),(33,1,3,6647),(33,1,4,7596),(33,1,5,9495),(33,2,1,10550),(33,2,2,12660),(33,2,3,14770),(33,2,4,16880),(33,2,5,21100),(33,3,1,9495),(33,3,2,11394),(33,3,3,13293),(33,3,4,15192),(33,3,5,18990),(33,4,1,5803),(33,4,2,6963),(33,4,3,8124),(33,4,4,9284),(33,4,5,11605),(33,5,1,8440),(33,5,2,10128),(33,5,3,11816),(33,5,4,13504),(33,5,5,16880),(33,6,1,5275),(33,6,2,6330),(33,6,3,7385),(33,6,4,8440),(33,6,5,10550),(34,1,1,5423),(34,1,2,6507),(34,1,3,7592),(34,1,4,8676),(34,1,5,10845),(34,2,1,12050),(34,2,2,14460),(34,2,3,16870),(34,2,4,19280),(34,2,5,24100),(34,3,1,10845),(34,3,2,13014),(34,3,3,15183),(34,3,4,17352),(34,3,5,21690),(34,4,1,6628),(34,4,2,7953),(34,4,3,9279),(34,4,4,10604),(34,4,5,13255),(34,5,1,9640),(34,5,2,11568),(34,5,3,13496),(34,5,4,15424),(34,5,5,19280),(34,6,1,6025),(34,6,2,7230),(34,6,3,8435),(34,6,4,9640),(34,6,5,12050),(35,1,1,6165),(35,1,2,7398),(35,1,3,8631),(35,1,4,9864),(35,1,5,12330),(35,2,1,13700),(35,2,2,16440),(35,2,3,19180),(35,2,4,21920),(35,2,5,27400),(35,3,1,12330),(35,3,2,14796),(35,3,3,17262),(35,3,4,19728),(35,3,5,24660),(35,4,1,7535),(35,4,2,9042),(35,4,3,10549),(35,4,4,12056),(35,4,5,15070),(35,5,1,10960),(35,5,2,13152),(35,5,3,15344),(35,5,4,17536),(35,5,5,21920),(35,6,1,6850),(35,6,2,8220),(35,6,3,9590),(35,6,4,10960),(35,6,5,13700),(36,1,1,7043),(36,1,2,8451),(36,1,3,9860),(36,1,4,11268),(36,1,5,14085),(36,2,1,15650),(36,2,2,18780),(36,2,3,21910),(36,2,4,25040),(36,2,5,31300),(36,3,1,14085),(36,3,2,16902),(36,3,3,19719),(36,3,4,22536),(36,3,5,28170),(36,4,1,8608),(36,4,2,10329),(36,4,3,12051),(36,4,4,13772),(36,4,5,17215),(36,5,1,12520),(36,5,2,15024),(36,5,3,17528),(36,5,4,20032),(36,5,5,25040),(36,6,1,7825),(36,6,2,9390),(36,6,3,10955),(36,6,4,12520),(36,6,5,15650),(37,1,1,7965),(37,1,2,9558),(37,1,3,11151),(37,1,4,12744),(37,1,5,15930),(37,2,1,17700),(37,2,2,21240),(37,2,3,24780),(37,2,4,28320),(37,2,5,35400),(37,3,1,15930),(37,3,2,19116),(37,3,3,22302),(37,3,4,25488),(37,3,5,31860),(37,4,1,9735),(37,4,2,11682),(37,4,3,13629),(37,4,4,15576),(37,4,5,19470),(37,5,1,14160),(37,5,2,16992),(37,5,3,19824),(37,5,4,22656),(37,5,5,28320),(37,6,1,8850),(37,6,2,10620),(37,6,3,12390),(37,6,4,14160),(37,6,5,17700),(38,1,1,9023),(38,1,2,10827),(38,1,3,12632),(38,1,4,14436),(38,1,5,18045),(38,2,1,20050),(38,2,2,24060),(38,2,3,28070),(38,2,4,32080),(38,2,5,40100),(38,3,1,18045),(38,3,2,21654),(38,3,3,25263),(38,3,4,28872),(38,3,5,36090),(38,4,1,11028),(38,4,2,13233),(38,4,3,15439),(38,4,4,17644),(38,4,5,22055),(38,5,1,16040),(38,5,2,19248),(38,5,3,22456),(38,5,4,25664),(38,5,5,32080),(38,6,1,10025),(38,6,2,12030),(38,6,3,14035),(38,6,4,16040),(38,6,5,20050),(39,1,1,10148),(39,1,2,12177),(39,1,3,14207),(39,1,4,16236),(39,1,5,20295),(39,2,1,22550),(39,2,2,27060),(39,2,3,31570),(39,2,4,36080),(39,2,5,45100),(39,3,1,20295),(39,3,2,24354),(39,3,3,28413),(39,3,4,32472),(39,3,5,40590),(39,4,1,12403),(39,4,2,14883),(39,4,3,17364),(39,4,4,19844),(39,4,5,24805),(39,5,1,18040),(39,5,2,21648),(39,5,3,25256),(39,5,4,28864),(39,5,5,36080),(39,6,1,11275),(39,6,2,13530),(39,6,3,15785),(39,6,4,18040),(39,6,5,22550),(40,1,1,11385),(40,1,2,13662),(40,1,3,15939),(40,1,4,18216),(40,1,5,22770),(40,2,1,25300),(40,2,2,30360),(40,2,3,35420),(40,2,4,40480),(40,2,5,50600),(40,3,1,22770),(40,3,2,27324),(40,3,3,31878),(40,3,4,36432),(40,3,5,45540),(40,4,1,13915),(40,4,2,16698),(40,4,3,19481),(40,4,4,22264),(40,4,5,27830),(40,5,1,20240),(40,5,2,24288),(40,5,3,28336),(40,5,4,32384),(40,5,5,40480),(40,6,1,12650),(40,6,2,15180),(40,6,3,17710),(40,6,4,20240),(40,6,5,25300),(41,1,1,12780),(41,1,2,15336),(41,1,3,17892),(41,1,4,20448),(41,1,5,25560),(41,2,1,28400),(41,2,2,34080),(41,2,3,39760),(41,2,4,45440),(41,2,5,56800),(41,3,1,25560),(41,3,2,30672),(41,3,3,35784),(41,3,4,40896),(41,3,5,51120),(41,4,1,15620),(41,4,2,18744),(41,4,3,21868),(41,4,4,24992),(41,4,5,31240),(41,5,1,22720),(41,5,2,27264),(41,5,3,31808),(41,5,4,36352),(41,5,5,45440),(41,6,1,14200),(41,6,2,17040),(41,6,3,19880),(41,6,4,22720),(41,6,5,28400),(42,1,1,14220),(42,1,2,17064),(42,1,3,19908),(42,1,4,22752),(42,1,5,28440),(42,2,1,31600),(42,2,2,37920),(42,2,3,44240),(42,2,4,50560),(42,2,5,63200),(42,3,1,28440),(42,3,2,34128),(42,3,3,39816),(42,3,4,45504),(42,3,5,56880),(42,4,1,17380),(42,4,2,20856),(42,4,3,24332),(42,4,4,27808),(42,4,5,34760),(42,5,1,25280),(42,5,2,30336),(42,5,3,35392),(42,5,4,40448),(42,5,5,50560),(42,6,1,15800),(42,6,2,18960),(42,6,3,22120),(42,6,4,25280),(42,6,5,31600),(43,1,1,15885),(43,1,2,19062),(43,1,3,22239),(43,1,4,25416),(43,1,5,31770),(43,2,1,35300),(43,2,2,42360),(43,2,3,49420),(43,2,4,56480),(43,2,5,70600),(43,3,1,31770),(43,3,2,38124),(43,3,3,44478),(43,3,4,50832),(43,3,5,63540),(43,4,1,19415),(43,4,2,23298),(43,4,3,27181),(43,4,4,31064),(43,4,5,38830),(43,5,1,28240),(43,5,2,33888),(43,5,3,39536),(43,5,4,45184),(43,5,5,56480),(43,6,1,17650),(43,6,2,21180),(43,6,3,24710),(43,6,4,28240),(43,6,5,35300),(44,1,1,17640),(44,1,2,21168),(44,1,3,24696),(44,1,4,28224),(44,1,5,35280),(44,2,1,39200),(44,2,2,47040),(44,2,3,54880),(44,2,4,62720),(44,2,5,78400),(44,3,1,35280),(44,3,2,42336),(44,3,3,49392),(44,3,4,56448),(44,3,5,70560),(44,4,1,21560),(44,4,2,25872),(44,4,3,30184),(44,4,4,34496),(44,4,5,43120),(44,5,1,31360),(44,5,2,37632),(44,5,3,43904),(44,5,4,50176),(44,5,5,62720),(44,6,1,19600),(44,6,2,23520),(44,6,3,27440),(44,6,4,31360),(44,6,5,39200),(45,1,1,19575),(45,1,2,23490),(45,1,3,27405),(45,1,4,31320),(45,1,5,39150),(45,2,1,43500),(45,2,2,52200),(45,2,3,60900),(45,2,4,69600),(45,2,5,87000),(45,3,1,39150),(45,3,2,46980),(45,3,3,54810),(45,3,4,62640),(45,3,5,78300),(45,4,1,23925),(45,4,2,28710),(45,4,3,33495),(45,4,4,38280),(45,4,5,47850),(45,5,1,34800),(45,5,2,41760),(45,5,3,48720),(45,5,4,55680),(45,5,5,69600),(45,6,1,21750),(45,6,2,26100),(45,6,3,30450),(45,6,4,34800),(45,6,5,43500),(46,1,1,21690),(46,1,2,26028),(46,1,3,30366),(46,1,4,34704),(46,1,5,43380),(46,2,1,48200),(46,2,2,57840),(46,2,3,67480),(46,2,4,77120),(46,2,5,96400),(46,3,1,43380),(46,3,2,52056),(46,3,3,60732),(46,3,4,69408),(46,3,5,86760),(46,4,1,26510),(46,4,2,31812),(46,4,3,37114),(46,4,4,42416),(46,4,5,53020),(46,5,1,38560),(46,5,2,46272),(46,5,3,53984),(46,5,4,61696),(46,5,5,77120),(46,6,1,24100),(46,6,2,28920),(46,6,3,33740),(46,6,4,38560),(46,6,5,48200),(47,1,1,24075),(47,1,2,28890),(47,1,3,33705),(47,1,4,38520),(47,1,5,48150),(47,2,1,53500),(47,2,2,64200),(47,2,3,74900),(47,2,4,85600),(47,2,5,107000),(47,3,1,48150),(47,3,2,57780),(47,3,3,67410),(47,3,4,77040),(47,3,5,96300),(47,4,1,29425),(47,4,2,35310),(47,4,3,41195),(47,4,4,47080),(47,4,5,58850),(47,5,1,42800),(47,5,2,51360),(47,5,3,59920),(47,5,4,68480),(47,5,5,85600),(47,6,1,26750),(47,6,2,32100),(47,6,3,37450),(47,6,4,42800),(47,6,5,53500),(48,1,1,26550),(48,1,2,31860),(48,1,3,37170),(48,1,4,42480),(48,1,5,53100),(48,2,1,59000),(48,2,2,70800),(48,2,3,82600),(48,2,4,94400),(48,2,5,118000),(48,3,1,53100),(48,3,2,63720),(48,3,3,74340),(48,3,4,84960),(48,3,5,106200),(48,4,1,32450),(48,4,2,38940),(48,4,3,45430),(48,4,4,51920),(48,4,5,64900),(48,5,1,47200),(48,5,2,56640),(48,5,3,66080),(48,5,4,75520),(48,5,5,94400),(48,6,1,29500),(48,6,2,35400),(48,6,3,41300),(48,6,4,47200),(48,6,5,59000),(49,1,1,29250),(49,1,2,35100),(49,1,3,40950),(49,1,4,46800),(49,1,5,58500),(49,2,1,65000),(49,2,2,78000),(49,2,3,91000),(49,2,4,104000),(49,2,5,130000),(49,3,1,58500),(49,3,2,70200),(49,3,3,81900),(49,3,4,93600),(49,3,5,117000),(49,4,1,35750),(49,4,2,42900),(49,4,3,50050),(49,4,4,57200),(49,4,5,71500),(49,5,1,52000),(49,5,2,62400),(49,5,3,72800),(49,5,4,83200),(49,5,5,104000),(49,6,1,32500),(49,6,2,39000),(49,6,3,45500),(49,6,4,52000),(49,6,5,65000),(50,1,1,31950),(50,1,2,38340),(50,1,3,44730),(50,1,4,51120),(50,1,5,63900),(50,2,1,71000),(50,2,2,85200),(50,2,3,99400),(50,2,4,113600),(50,2,5,142000),(50,3,1,63900),(50,3,2,76680),(50,3,3,89460),(50,3,4,102240),(50,3,5,127800),(50,4,1,39050),(50,4,2,46860),(50,4,3,54670),(50,4,4,62480),(50,4,5,78100),(50,5,1,56800),(50,5,2,68160),(50,5,3,79520),(50,5,4,90880),(50,5,5,113600),(50,6,1,35500),(50,6,2,42600),(50,6,3,49700),(50,6,4,56800),(50,6,5,71000),(51,1,1,35100),(51,1,2,42120),(51,1,3,49140),(51,1,4,56160),(51,1,5,70200),(51,2,1,78000),(51,2,2,93600),(51,2,3,109200),(51,2,4,124800),(51,2,5,156000),(51,3,1,70200),(51,3,2,84240),(51,3,3,98280),(51,3,4,112320),(51,3,5,140400),(51,4,1,42900),(51,4,2,51480),(51,4,3,60060),(51,4,4,68640),(51,4,5,85800),(51,5,1,62400),(51,5,2,74880),(51,5,3,87360),(51,5,4,99840),(51,5,5,124800),(51,6,1,39000),(51,6,2,46800),(51,6,3,54600),(51,6,4,62400),(51,6,5,78000),(52,1,1,38475),(52,1,2,46170),(52,1,3,53865),(52,1,4,61560),(52,1,5,76950),(52,2,1,85500),(52,2,2,102600),(52,2,3,119700),(52,2,4,136800),(52,2,5,171000),(52,3,1,76950),(52,3,2,92340),(52,3,3,107730),(52,3,4,123120),(52,3,5,153900),(52,4,1,47025),(52,4,2,56430),(52,4,3,65835),(52,4,4,75240),(52,4,5,94050),(52,5,1,68400),(52,5,2,82080),(52,5,3,95760),(52,5,4,109440),(52,5,5,136800),(52,6,1,42750),(52,6,2,51300),(52,6,3,59850),(52,6,4,68400),(52,6,5,85500),(53,1,1,42075),(53,1,2,50490),(53,1,3,58905),(53,1,4,67320),(53,1,5,84150),(53,2,1,93500),(53,2,2,112200),(53,2,3,130900),(53,2,4,149600),(53,2,5,187000),(53,3,1,84150),(53,3,2,100980),(53,3,3,117810),(53,3,4,134640),(53,3,5,168300),(53,4,1,51425),(53,4,2,61710),(53,4,3,71995),(53,4,4,82280),(53,4,5,102850),(53,5,1,74800),(53,5,2,89760),(53,5,3,104720),(53,5,4,119680),(53,5,5,149600),(53,6,1,46750),(53,6,2,56100),(53,6,3,65450),(53,6,4,74800),(53,6,5,93500),(54,1,1,45900),(54,1,2,55080),(54,1,3,64260),(54,1,4,73440),(54,1,5,91800),(54,2,1,102000),(54,2,2,122400),(54,2,3,142800),(54,2,4,163200),(54,2,5,204000),(54,3,1,91800),(54,3,2,110160),(54,3,3,128520),(54,3,4,146880),(54,3,5,183600),(54,4,1,56100),(54,4,2,67320),(54,4,3,78540),(54,4,4,89760),(54,4,5,112200),(54,5,1,81600),(54,5,2,97920),(54,5,3,114240),(54,5,4,130560),(54,5,5,163200),(54,6,1,51000),(54,6,2,61200),(54,6,3,71400),(54,6,4,81600),(54,6,5,102000),(55,1,1,49950),(55,1,2,59940),(55,1,3,69930),(55,1,4,79920),(55,1,5,99900),(55,2,1,111000),(55,2,2,133200),(55,2,3,155400),(55,2,4,177600),(55,2,5,222000),(55,3,1,99900),(55,3,2,119880),(55,3,3,139860),(55,3,4,159840),(55,3,5,199800),(55,4,1,61050),(55,4,2,73260),(55,4,3,85470),(55,4,4,97680),(55,4,5,122100),(55,5,1,88800),(55,5,2,106560),(55,5,3,124320),(55,5,4,142080),(55,5,5,177600),(55,6,1,55500),(55,6,2,66600),(55,6,3,77700),(55,6,4,88800),(55,6,5,111000),(56,1,1,54450),(56,1,2,65340),(56,1,3,76230),(56,1,4,87120),(56,1,5,108900),(56,2,1,121000),(56,2,2,145200),(56,2,3,169400),(56,2,4,193600),(56,2,5,242000),(56,3,1,108900),(56,3,2,130680),(56,3,3,152460),(56,3,4,174240),(56,3,5,217800),(56,4,1,66550),(56,4,2,79860),(56,4,3,93170),(56,4,4,106480),(56,4,5,133100),(56,5,1,96800),(56,5,2,116160),(56,5,3,135520),(56,5,4,154880),(56,5,5,193600),(56,6,1,60500),(56,6,2,72600),(56,6,3,84700),(56,6,4,96800),(56,6,5,121000),(57,1,1,58950),(57,1,2,70740),(57,1,3,82530),(57,1,4,94320),(57,1,5,117900),(57,2,1,131000),(57,2,2,157200),(57,2,3,183400),(57,2,4,209600),(57,2,5,262000),(57,3,1,117900),(57,3,2,141480),(57,3,3,165060),(57,3,4,188640),(57,3,5,235800),(57,4,1,72050),(57,4,2,86460),(57,4,3,100870),(57,4,4,115280),(57,4,5,144100),(57,5,1,104800),(57,5,2,125760),(57,5,3,146720),(57,5,4,167680),(57,5,5,209600),(57,6,1,65500),(57,6,2,78600),(57,6,3,91700),(57,6,4,104800),(57,6,5,131000),(58,1,1,63900),(58,1,2,76680),(58,1,3,89460),(58,1,4,102240),(58,1,5,127800),(58,2,1,142000),(58,2,2,170400),(58,2,3,198800),(58,2,4,227200),(58,2,5,284000),(58,3,1,127800),(58,3,2,153360),(58,3,3,178920),(58,3,4,204480),(58,3,5,255600),(58,4,1,78100),(58,4,2,93720),(58,4,3,109340),(58,4,4,124960),(58,4,5,156200),(58,5,1,113600),(58,5,2,136320),(58,5,3,159040),(58,5,4,181760),(58,5,5,227200),(58,6,1,71000),(58,6,2,85200),(58,6,3,99400),(58,6,4,113600),(58,6,5,142000),(59,1,1,69300),(59,1,2,83160),(59,1,3,97020),(59,1,4,110880),(59,1,5,138600),(59,2,1,154000),(59,2,2,184800),(59,2,3,215600),(59,2,4,246400),(59,2,5,308000),(59,3,1,138600),(59,3,2,166320),(59,3,3,194040),(59,3,4,221760),(59,3,5,277200),(59,4,1,84700),(59,4,2,101640),(59,4,3,118580),(59,4,4,135520),(59,4,5,169400),(59,5,1,123200),(59,5,2,147840),(59,5,3,172480),(59,5,4,197120),(59,5,5,246400),(59,6,1,77000),(59,6,2,92400),(59,6,3,107800),(59,6,4,123200),(59,6,5,154000),(60,1,1,75150),(60,1,2,90180),(60,1,3,105210),(60,1,4,120240),(60,1,5,150300),(60,2,1,167000),(60,2,2,200400),(60,2,3,233800),(60,2,4,267200),(60,2,5,334000),(60,3,1,150300),(60,3,2,180360),(60,3,3,210420),(60,3,4,240480),(60,3,5,300600),(60,4,1,91850),(60,4,2,110220),(60,4,3,128590),(60,4,4,146960),(60,4,5,183700),(60,5,1,133600),(60,5,2,160320),(60,5,3,187040),(60,5,4,213760),(60,5,5,267200),(60,6,1,83500),(60,6,2,100200),(60,6,3,116900),(60,6,4,133600),(60,6,5,167000),(61,1,1,81225),(61,1,2,97470),(61,1,3,113715),(61,1,4,129960),(61,1,5,162450),(61,2,1,180500),(61,2,2,216600),(61,2,3,252700),(61,2,4,288800),(61,2,5,361000),(61,3,1,162450),(61,3,2,194940),(61,3,3,227430),(61,3,4,259920),(61,3,5,324900),(61,4,1,99275),(61,4,2,119130),(61,4,3,138985),(61,4,4,158840),(61,4,5,198550),(61,5,1,144400),(61,5,2,173280),(61,5,3,202160),(61,5,4,231040),(61,5,5,288800),(61,6,1,90250),(61,6,2,108300),(61,6,3,126350),(61,6,4,144400),(61,6,5,180500),(62,1,1,87750),(62,1,2,105300),(62,1,3,122850),(62,1,4,140400),(62,1,5,175500),(62,2,1,195000),(62,2,2,234000),(62,2,3,273000),(62,2,4,312000),(62,2,5,390000),(62,3,1,175500),(62,3,2,210600),(62,3,3,245700),(62,3,4,280800),(62,3,5,351000),(62,4,1,107250),(62,4,2,128700),(62,4,3,150150),(62,4,4,171600),(62,4,5,214500),(62,5,1,156000),(62,5,2,187200),(62,5,3,218400),(62,5,4,249600),(62,5,5,312000),(62,6,1,97500),(62,6,2,117000),(62,6,3,136500),(62,6,4,156000),(62,6,5,195000),(63,1,1,94500),(63,1,2,113400),(63,1,3,132300),(63,1,4,151200),(63,1,5,189000),(63,2,1,210000),(63,2,2,252000),(63,2,3,294000),(63,2,4,336000),(63,2,5,420000),(63,3,1,189000),(63,3,2,226800),(63,3,3,264600),(63,3,4,302400),(63,3,5,378000),(63,4,1,115500),(63,4,2,138600),(63,4,3,161700),(63,4,4,184800),(63,4,5,231000),(63,5,1,168000),(63,5,2,201600),(63,5,3,235200),(63,5,4,268800),(63,5,5,336000),(63,6,1,105000),(63,6,2,126000),(63,6,3,147000),(63,6,4,168000),(63,6,5,210000),(64,1,1,101925),(64,1,2,122310),(64,1,3,142695),(64,1,4,163080),(64,1,5,203850),(64,2,1,226500),(64,2,2,271800),(64,2,3,317100),(64,2,4,362400),(64,2,5,453000),(64,3,1,203850),(64,3,2,244620),(64,3,3,285390),(64,3,4,326160),(64,3,5,407700),(64,4,1,124575),(64,4,2,149490),(64,4,3,174405),(64,4,4,199320),(64,4,5,249150),(64,5,1,181200),(64,5,2,217440),(64,5,3,253680),(64,5,4,289920),(64,5,5,362400),(64,6,1,113250),(64,6,2,135900),(64,6,3,158550),(64,6,4,181200),(64,6,5,226500),(65,1,1,109800),(65,1,2,131760),(65,1,3,153720),(65,1,4,175680),(65,1,5,219600),(65,2,1,244000),(65,2,2,292800),(65,2,3,341600),(65,2,4,390400),(65,2,5,488000),(65,3,1,219600),(65,3,2,263520),(65,3,3,307440),(65,3,4,351360),(65,3,5,439200),(65,4,1,134200),(65,4,2,161040),(65,4,3,187880),(65,4,4,214720),(65,4,5,268400),(65,5,1,195200),(65,5,2,234240),(65,5,3,273280),(65,5,4,312320),(65,5,5,390400),(65,6,1,122000),(65,6,2,146400),(65,6,3,170800),(65,6,4,195200),(65,6,5,244000),(66,1,1,117900),(66,1,2,141480),(66,1,3,165060),(66,1,4,188640),(66,1,5,235800),(66,2,1,262000),(66,2,2,314400),(66,2,3,366800),(66,2,4,419200),(66,2,5,524000),(66,3,1,235800),(66,3,2,282960),(66,3,3,330120),(66,3,4,377280),(66,3,5,471600),(66,4,1,144100),(66,4,2,172920),(66,4,3,201740),(66,4,4,230560),(66,4,5,288200),(66,5,1,209600),(66,5,2,251520),(66,5,3,293440),(66,5,4,335360),(66,5,5,419200),(66,6,1,131000),(66,6,2,157200),(66,6,3,183400),(66,6,4,209600),(66,6,5,262000),(67,1,1,126675),(67,1,2,152010),(67,1,3,177345),(67,1,4,202680),(67,1,5,253350),(67,2,1,281500),(67,2,2,337800),(67,2,3,394100),(67,2,4,450400),(67,2,5,563000),(67,3,1,253350),(67,3,2,304020),(67,3,3,354690),(67,3,4,405360),(67,3,5,506700),(67,4,1,154825),(67,4,2,185790),(67,4,3,216755),(67,4,4,247720),(67,4,5,309650),(67,5,1,225200),(67,5,2,270240),(67,5,3,315280),(67,5,4,360320),(67,5,5,450400),(67,6,1,140750),(67,6,2,168900),(67,6,3,197050),(67,6,4,225200),(67,6,5,281500),(68,1,1,136125),(68,1,2,163350),(68,1,3,190575),(68,1,4,217800),(68,1,5,272250),(68,2,1,302500),(68,2,2,363000),(68,2,3,423500),(68,2,4,484000),(68,2,5,605000),(68,3,1,272250),(68,3,2,326700),(68,3,3,381150),(68,3,4,435600),(68,3,5,544500),(68,4,1,166375),(68,4,2,199650),(68,4,3,232925),(68,4,4,266200),(68,4,5,332750),(68,5,1,242000),(68,5,2,290400),(68,5,3,338800),(68,5,4,387200),(68,5,5,484000),(68,6,1,151250),(68,6,2,181500),(68,6,3,211750),(68,6,4,242000),(68,6,5,302500),(69,1,1,145800),(69,1,2,174960),(69,1,3,204120),(69,1,4,233280),(69,1,5,291600),(69,2,1,324000),(69,2,2,388800),(69,2,3,453600),(69,2,4,518400),(69,2,5,648000),(69,3,1,291600),(69,3,2,349920),(69,3,3,408240),(69,3,4,466560),(69,3,5,583200),(69,4,1,178200),(69,4,2,213840),(69,4,3,249480),(69,4,4,285120),(69,4,5,356400),(69,5,1,259200),(69,5,2,311040),(69,5,3,362880),(69,5,4,414720),(69,5,5,518400),(69,6,1,162000),(69,6,2,194400),(69,6,3,226800),(69,6,4,259200),(69,6,5,324000),(70,1,1,156375),(70,1,2,187650),(70,1,3,218925),(70,1,4,250200),(70,1,5,312750),(70,2,1,347500),(70,2,2,417000),(70,2,3,486500),(70,2,4,556000),(70,2,5,695000),(70,3,1,312750),(70,3,2,375300),(70,3,3,437850),(70,3,4,500400),(70,3,5,625500),(70,4,1,191125),(70,4,2,229350),(70,4,3,267575),(70,4,4,305800),(70,4,5,382250),(70,5,1,278000),(70,5,2,333600),(70,5,3,389200),(70,5,4,444800),(70,5,5,556000),(70,6,1,173750),(70,6,2,208500),(70,6,3,243250),(70,6,4,278000),(70,6,5,347500),(71,1,1,167400),(71,1,2,200880),(71,1,3,234360),(71,1,4,267840),(71,1,5,334800),(71,2,1,372000),(71,2,2,446400),(71,2,3,520800),(71,2,4,595200),(71,2,5,744000),(71,3,1,334800),(71,3,2,401760),(71,3,3,468720),(71,3,4,535680),(71,3,5,669600),(71,4,1,204600),(71,4,2,245520),(71,4,3,286440),(71,4,4,327360),(71,4,5,409200),(71,5,1,297600),(71,5,2,357120),(71,5,3,416640),(71,5,4,476160),(71,5,5,595200),(71,6,1,186000),(71,6,2,223200),(71,6,3,260400),(71,6,4,297600),(71,6,5,372000),(72,1,1,179100),(72,1,2,214920),(72,1,3,250740),(72,1,4,286560),(72,1,5,358200),(72,2,1,398000),(72,2,2,477600),(72,2,3,557200),(72,2,4,636800),(72,2,5,796000),(72,3,1,358200),(72,3,2,429840),(72,3,3,501480),(72,3,4,573120),(72,3,5,716400),(72,4,1,218900),(72,4,2,262680),(72,4,3,306460),(72,4,4,350240),(72,4,5,437800),(72,5,1,318400),(72,5,2,382080),(72,5,3,445760),(72,5,4,509440),(72,5,5,636800),(72,6,1,199000),(72,6,2,238800),(72,6,3,278600),(72,6,4,318400),(72,6,5,398000),(73,1,1,191475),(73,1,2,229770),(73,1,3,268065),(73,1,4,306360),(73,1,5,382950),(73,2,1,425500),(73,2,2,510600),(73,2,3,595700),(73,2,4,680800),(73,2,5,851000),(73,3,1,382950),(73,3,2,459540),(73,3,3,536130),(73,3,4,612720),(73,3,5,765900),(73,4,1,234025),(73,4,2,280830),(73,4,3,327635),(73,4,4,374440),(73,4,5,468050),(73,5,1,340400),(73,5,2,408480),(73,5,3,476560),(73,5,4,544640),(73,5,5,680800),(73,6,1,212750),(73,6,2,255300),(73,6,3,297850),(73,6,4,340400),(73,6,5,425500),(74,1,1,204300),(74,1,2,245160),(74,1,3,286020),(74,1,4,326880),(74,1,5,408600),(74,2,1,454000),(74,2,2,544800),(74,2,3,635600),(74,2,4,726400),(74,2,5,908000),(74,3,1,408600),(74,3,2,490320),(74,3,3,572040),(74,3,4,653760),(74,3,5,817200),(74,4,1,249700),(74,4,2,299640),(74,4,3,349580),(74,4,4,399520),(74,4,5,499400),(74,5,1,363200),(74,5,2,435840),(74,5,3,508480),(74,5,4,581120),(74,5,5,726400),(74,6,1,227000),(74,6,2,272400),(74,6,3,317800),(74,6,4,363200),(74,6,5,454000),(75,1,1,218250),(75,1,2,261900),(75,1,3,305550),(75,1,4,349200),(75,1,5,436500),(75,2,1,485000),(75,2,2,582000),(75,2,3,679000),(75,2,4,776000),(75,2,5,970000),(75,3,1,436500),(75,3,2,523800),(75,3,3,611100),(75,3,4,698400),(75,3,5,873000),(75,4,1,266750),(75,4,2,320100),(75,4,3,373450),(75,4,4,426800),(75,4,5,533500),(75,5,1,388000),(75,5,2,465600),(75,5,3,543200),(75,5,4,620800),(75,5,5,776000),(75,6,1,242500),(75,6,2,291000),(75,6,3,339500),(75,6,4,388000),(75,6,5,485000),(76,1,1,232425),(76,1,2,278910),(76,1,3,325395),(76,1,4,371880),(76,1,5,464850),(76,2,1,516500),(76,2,2,619800),(76,2,3,723100),(76,2,4,826400),(76,2,5,1033000),(76,3,1,464850),(76,3,2,557820),(76,3,3,650790),(76,3,4,743760),(76,3,5,929700),(76,4,1,284075),(76,4,2,340890),(76,4,3,397705),(76,4,4,454520),(76,4,5,568150),(76,5,1,413200),(76,5,2,495840),(76,5,3,578480),(76,5,4,661120),(76,5,5,826400),(76,6,1,258250),(76,6,2,309900),(76,6,3,361550),(76,6,4,413200),(76,6,5,516500),(77,1,1,247950),(77,1,2,297540),(77,1,3,347130),(77,1,4,396720),(77,1,5,495900),(77,2,1,551000),(77,2,2,661200),(77,2,3,771400),(77,2,4,881600),(77,2,5,1102000),(77,3,1,495900),(77,3,2,595080),(77,3,3,694260),(77,3,4,793440),(77,3,5,991800),(77,4,1,303050),(77,4,2,363660),(77,4,3,424270),(77,4,4,484880),(77,4,5,606100),(77,5,1,440800),(77,5,2,528960),(77,5,3,617120),(77,5,4,705280),(77,5,5,881600),(77,6,1,275500),(77,6,2,330600),(77,6,3,385700),(77,6,4,440800),(77,6,5,551000),(78,1,1,263925),(78,1,2,316710),(78,1,3,369495),(78,1,4,422280),(78,1,5,527850),(78,2,1,586500),(78,2,2,703800),(78,2,3,821100),(78,2,4,938400),(78,2,5,1173000),(78,3,1,527850),(78,3,2,633420),(78,3,3,738990),(78,3,4,844560),(78,3,5,1055700),(78,4,1,322575),(78,4,2,387090),(78,4,3,451605),(78,4,4,516120),(78,4,5,645150),(78,5,1,469200),(78,5,2,563040),(78,5,3,656880),(78,5,4,750720),(78,5,5,938400),(78,6,1,293250),(78,6,2,351900),(78,6,3,410550),(78,6,4,469200),(78,6,5,586500),(79,1,1,281025),(79,1,2,337230),(79,1,3,393435),(79,1,4,449640),(79,1,5,562050),(79,2,1,624500),(79,2,2,749400),(79,2,3,874300),(79,2,4,999200),(79,2,5,1249000),(79,3,1,562050),(79,3,2,674460),(79,3,3,786870),(79,3,4,899280),(79,3,5,1124100),(79,4,1,343475),(79,4,2,412170),(79,4,3,480865),(79,4,4,549560),(79,4,5,686950),(79,5,1,499600),(79,5,2,599520),(79,5,3,699440),(79,5,4,799360),(79,5,5,999200),(79,6,1,312250),(79,6,2,374700),(79,6,3,437150),(79,6,4,499600),(79,6,5,624500),(80,1,1,298800),(80,1,2,358560),(80,1,3,418320),(80,1,4,478080),(80,1,5,597600),(80,2,1,664000),(80,2,2,796800),(80,2,3,929600),(80,2,4,1062400),(80,2,5,1328000),(80,3,1,597600),(80,3,2,717120),(80,3,3,836640),(80,3,4,956160),(80,3,5,1195200),(80,4,1,365200),(80,4,2,438240),(80,4,3,511280),(80,4,4,584320),(80,4,5,730400),(80,5,1,531200),(80,5,2,637440),(80,5,3,743680),(80,5,4,849920),(80,5,5,1062400),(80,6,1,332000),(80,6,2,398400),(80,6,3,464800),(80,6,4,531200),(80,6,5,664000),(81,1,1,317700),(81,1,2,381240),(81,1,3,444780),(81,1,4,508320),(81,1,5,635400),(81,2,1,706000),(81,2,2,847200),(81,2,3,988400),(81,2,4,1129600),(81,2,5,1412000),(81,3,1,635400),(81,3,2,762480),(81,3,3,889560),(81,3,4,1016640),(81,3,5,1270800),(81,4,1,388300),(81,4,2,465960),(81,4,3,543620),(81,4,4,621280),(81,4,5,776600),(81,5,1,564800),(81,5,2,677760),(81,5,3,790720),(81,5,4,903680),(81,5,5,1129600),(81,6,1,353000),(81,6,2,423600),(81,6,3,494200),(81,6,4,564800),(81,6,5,706000),(82,1,1,337275),(82,1,2,404730),(82,1,3,472185),(82,1,4,539640),(82,1,5,674550),(82,2,1,749500),(82,2,2,899400),(82,2,3,1049300),(82,2,4,1199200),(82,2,5,1499000),(82,3,1,674550),(82,3,2,809460),(82,3,3,944370),(82,3,4,1079280),(82,3,5,1349100),(82,4,1,412225),(82,4,2,494670),(82,4,3,577115),(82,4,4,659560),(82,4,5,824450),(82,5,1,599600),(82,5,2,719520),(82,5,3,839440),(82,5,4,959360),(82,5,5,1199200),(82,6,1,374750),(82,6,2,449700),(82,6,3,524650),(82,6,4,599600),(82,6,5,749500),(83,1,1,358200),(83,1,2,429840),(83,1,3,501480),(83,1,4,573120),(83,1,5,716400),(83,2,1,796000),(83,2,2,955200),(83,2,3,1114400),(83,2,4,1273600),(83,2,5,1592000),(83,3,1,716400),(83,3,2,859680),(83,3,3,1002960),(83,3,4,1146240),(83,3,5,1432800),(83,4,1,437800),(83,4,2,525360),(83,4,3,612920),(83,4,4,700480),(83,4,5,875600),(83,5,1,636800),(83,5,2,764160),(83,5,3,891520),(83,5,4,1018880),(83,5,5,1273600),(83,6,1,398000),(83,6,2,477600),(83,6,3,557200),(83,6,4,636800),(83,6,5,796000),(84,1,1,380250),(84,1,2,456300),(84,1,3,532350),(84,1,4,608400),(84,1,5,760500),(84,2,1,845000),(84,2,2,1014000),(84,2,3,1183000),(84,2,4,1352000),(84,2,5,1690000),(84,3,1,760500),(84,3,2,912600),(84,3,3,1064700),(84,3,4,1216800),(84,3,5,1521000),(84,4,1,464750),(84,4,2,557700),(84,4,3,650650),(84,4,4,743600),(84,4,5,929500),(84,5,1,676000),(84,5,2,811200),(84,5,3,946400),(84,5,4,1081600),(84,5,5,1352000),(84,6,1,422500),(84,6,2,507000),(84,6,3,591500),(84,6,4,676000),(84,6,5,845000),(85,1,1,403200),(85,1,2,483840),(85,1,3,564480),(85,1,4,645120),(85,1,5,806400),(85,2,1,896000),(85,2,2,1075200),(85,2,3,1254400),(85,2,4,1433600),(85,2,5,1792000),(85,3,1,806400),(85,3,2,967680),(85,3,3,1128960),(85,3,4,1290240),(85,3,5,1612800),(85,4,1,492800),(85,4,2,591360),(85,4,3,689920),(85,4,4,788480),(85,4,5,985600),(85,5,1,716800),(85,5,2,860160),(85,5,3,1003520),(85,5,4,1146880),(85,5,5,1433600),(85,6,1,448000),(85,6,2,537600),(85,6,3,627200),(85,6,4,716800),(85,6,5,896000),(86,1,1,427050),(86,1,2,512460),(86,1,3,597870),(86,1,4,683280),(86,1,5,854100),(86,2,1,949000),(86,2,2,1138800),(86,2,3,1328600),(86,2,4,1518400),(86,2,5,1898000),(86,3,1,854100),(86,3,2,1024920),(86,3,3,1195740),(86,3,4,1366560),(86,3,5,1708200),(86,4,1,521950),(86,4,2,626340),(86,4,3,730730),(86,4,4,835120),(86,4,5,1043900),(86,5,1,759200),(86,5,2,911040),(86,5,3,1062880),(86,5,4,1214720),(86,5,5,1518400),(86,6,1,474500),(86,6,2,569400),(86,6,3,664300),(86,6,4,759200),(86,6,5,949000),(87,1,1,452475),(87,1,2,542970),(87,1,3,633465),(87,1,4,723960),(87,1,5,904950),(87,2,1,1005500),(87,2,2,1206600),(87,2,3,1407700),(87,2,4,1608800),(87,2,5,2011000),(87,3,1,904950),(87,3,2,1085940),(87,3,3,1266930),(87,3,4,1447920),(87,3,5,1809900),(87,4,1,553025),(87,4,2,663630),(87,4,3,774235),(87,4,4,884840),(87,4,5,1106050),(87,5,1,804400),(87,5,2,965280),(87,5,3,1126160),(87,5,4,1287040),(87,5,5,1608800),(87,6,1,502750),(87,6,2,603300),(87,6,3,703850),(87,6,4,804400),(87,6,5,1005500),(88,1,1,479025),(88,1,2,574830),(88,1,3,670635),(88,1,4,766440),(88,1,5,958050),(88,2,1,1064500),(88,2,2,1277400),(88,2,3,1490300),(88,2,4,1703200),(88,2,5,2129000),(88,3,1,958050),(88,3,2,1149660),(88,3,3,1341270),(88,3,4,1532880),(88,3,5,1916100),(88,4,1,585475),(88,4,2,702570),(88,4,3,819665),(88,4,4,936760),(88,4,5,1170950),(88,5,1,851600),(88,5,2,1021920),(88,5,3,1192240),(88,5,4,1362560),(88,5,5,1703200),(88,6,1,532250),(88,6,2,638700),(88,6,3,745150),(88,6,4,851600),(88,6,5,1064500),(89,1,1,507150),(89,1,2,608580),(89,1,3,710010),(89,1,4,811440),(89,1,5,1014300),(89,2,1,1127000),(89,2,2,1352400),(89,2,3,1577800),(89,2,4,1803200),(89,2,5,2254000),(89,3,1,1014300),(89,3,2,1217160),(89,3,3,1420020),(89,3,4,1622880),(89,3,5,2028600),(89,4,1,619850),(89,4,2,743820),(89,4,3,867790),(89,4,4,991760),(89,4,5,1239700),(89,5,1,901600),(89,5,2,1081920),(89,5,3,1262240),(89,5,4,1442560),(89,5,5,1803200),(89,6,1,563500),(89,6,2,676200),(89,6,3,788900),(89,6,4,901600),(89,6,5,1127000),(90,1,1,536175),(90,1,2,643410),(90,1,3,750645),(90,1,4,857880),(90,1,5,1072350),(90,2,1,1191500),(90,2,2,1429800),(90,2,3,1668100),(90,2,4,1906400),(90,2,5,2383000),(90,3,1,1072350),(90,3,2,1286820),(90,3,3,1501290),(90,3,4,1715760),(90,3,5,2144700),(90,4,1,655325),(90,4,2,786390),(90,4,3,917455),(90,4,4,1048520),(90,4,5,1310650),(90,5,1,953200),(90,5,2,1143840),(90,5,3,1334480),(90,5,4,1525120),(90,5,5,1906400),(90,6,1,595750),(90,6,2,714900),(90,6,3,834050),(90,6,4,953200),(90,6,5,1191500),(91,1,1,567000),(91,1,2,680400),(91,1,3,793800),(91,1,4,907200),(91,1,5,1134000),(91,2,1,1260000),(91,2,2,1512000),(91,2,3,1764000),(91,2,4,2016000),(91,2,5,2520000),(91,3,1,1134000),(91,3,2,1360800),(91,3,3,1587600),(91,3,4,1814400),(91,3,5,2268000),(91,4,1,693000),(91,4,2,831600),(91,4,3,970200),(91,4,4,1108800),(91,4,5,1386000),(91,5,1,1008000),(91,5,2,1209600),(91,5,3,1411200),(91,5,4,1612800),(91,5,5,2016000),(91,6,1,630000),(91,6,2,756000),(91,6,3,882000),(91,6,4,1008000),(91,6,5,1260000),(92,1,1,598950),(92,1,2,718740),(92,1,3,838530),(92,1,4,958320),(92,1,5,1197900),(92,2,1,1331000),(92,2,2,1597200),(92,2,3,1863400),(92,2,4,2129600),(92,2,5,2662000),(92,3,1,1197900),(92,3,2,1437480),(92,3,3,1677060),(92,3,4,1916640),(92,3,5,2395800),(92,4,1,732050),(92,4,2,878460),(92,4,3,1024870),(92,4,4,1171280),(92,4,5,1464100),(92,5,1,1064800),(92,5,2,1277760),(92,5,3,1490720),(92,5,4,1703680),(92,5,5,2129600),(92,6,1,665500),(92,6,2,798600),(92,6,3,931700),(92,6,4,1064800),(92,6,5,1331000),(93,1,1,632475),(93,1,2,758970),(93,1,3,885465),(93,1,4,1011960),(93,1,5,1264950),(93,2,1,1405500),(93,2,2,1686600),(93,2,3,1967700),(93,2,4,2248800),(93,2,5,2811000),(93,3,1,1264950),(93,3,2,1517940),(93,3,3,1770930),(93,3,4,2023920),(93,3,5,2529900),(93,4,1,773025),(93,4,2,927630),(93,4,3,1082235),(93,4,4,1236840),(93,4,5,1546050),(93,5,1,1124400),(93,5,2,1349280),(93,5,3,1574160),(93,5,4,1799040),(93,5,5,2248800),(93,6,1,702750),(93,6,2,843300),(93,6,3,983850),(93,6,4,1124400),(93,6,5,1405500),(94,1,1,667575),(94,1,2,801090),(94,1,3,934605),(94,1,4,1068120),(94,1,5,1335150),(94,2,1,1483500),(94,2,2,1780200),(94,2,3,2076900),(94,2,4,2373600),(94,2,5,2967000),(94,3,1,1335150),(94,3,2,1602180),(94,3,3,1869210),(94,3,4,2136240),(94,3,5,2670300),(94,4,1,815925),(94,4,2,979110),(94,4,3,1142295),(94,4,4,1305480),(94,4,5,1631850),(94,5,1,1186800),(94,5,2,1424160),(94,5,3,1661520),(94,5,4,1898880),(94,5,5,2373600),(94,6,1,741750),(94,6,2,890100),(94,6,3,1038450),(94,6,4,1186800),(94,6,5,1483500),(95,1,1,704700),(95,1,2,845640),(95,1,3,986580),(95,1,4,1127520),(95,1,5,1409400),(95,2,1,1566000),(95,2,2,1879200),(95,2,3,2192400),(95,2,4,2505600),(95,2,5,3132000),(95,3,1,1409400),(95,3,2,1691280),(95,3,3,1973160),(95,3,4,2255040),(95,3,5,2818800),(95,4,1,861300),(95,4,2,1033560),(95,4,3,1205820),(95,4,4,1378080),(95,4,5,1722600),(95,5,1,1252800),(95,5,2,1503360),(95,5,3,1753920),(95,5,4,2004480),(95,5,5,2505600),(95,6,1,783000),(95,6,2,939600),(95,6,3,1096200),(95,6,4,1252800),(95,6,5,1566000),(96,1,1,743175),(96,1,2,891810),(96,1,3,1040445),(96,1,4,1189080),(96,1,5,1486350),(96,2,1,1651500),(96,2,2,1981800),(96,2,3,2312100),(96,2,4,2642400),(96,2,5,3303000),(96,3,1,1486350),(96,3,2,1783620),(96,3,3,2080890),(96,3,4,2378160),(96,3,5,2972700),(96,4,1,908325),(96,4,2,1089990),(96,4,3,1271655),(96,4,4,1453320),(96,4,5,1816650),(96,5,1,1321200),(96,5,2,1585440),(96,5,3,1849680),(96,5,4,2113920),(96,5,5,2642400),(96,6,1,825750),(96,6,2,990900),(96,6,3,1156050),(96,6,4,1321200),(96,6,5,1651500),(97,1,1,783675),(97,1,2,940410),(97,1,3,1097145),(97,1,4,1253880),(97,1,5,1567350),(97,2,1,1741500),(97,2,2,2089800),(97,2,3,2438100),(97,2,4,2786400),(97,2,5,3483000),(97,3,1,1567350),(97,3,2,1880820),(97,3,3,2194290),(97,3,4,2507760),(97,3,5,3134700),(97,4,1,957825),(97,4,2,1149390),(97,4,3,1340955),(97,4,4,1532520),(97,4,5,1915650),(97,5,1,1393200),(97,5,2,1671840),(97,5,3,1950480),(97,5,4,2229120),(97,5,5,2786400),(97,6,1,870750),(97,6,2,1044900),(97,6,3,1219050),(97,6,4,1393200),(97,6,5,1741500),(98,1,1,826425),(98,1,2,991710),(98,1,3,1156995),(98,1,4,1322280),(98,1,5,1652850),(98,2,1,1836500),(98,2,2,2203800),(98,2,3,2571100),(98,2,4,2938400),(98,2,5,3673000),(98,3,1,1652850),(98,3,2,1983420),(98,3,3,2313990),(98,3,4,2644560),(98,3,5,3305700),(98,4,1,1010075),(98,4,2,1212090),(98,4,3,1414105),(98,4,4,1616120),(98,4,5,2020150),(98,5,1,1469200),(98,5,2,1763040),(98,5,3,2056880),(98,5,4,2350720),(98,5,5,2938400),(98,6,1,918250),(98,6,2,1101900),(98,6,3,1285550),(98,6,4,1469200),(98,6,5,1836500),(99,1,1,870300),(99,1,2,1044360),(99,1,3,1218420),(99,1,4,1392480),(99,1,5,1740600),(99,2,1,1934000),(99,2,2,2320800),(99,2,3,2707600),(99,2,4,3094400),(99,2,5,3868000),(99,3,1,1740600),(99,3,2,2088720),(99,3,3,2436840),(99,3,4,2784960),(99,3,5,3481200),(99,4,1,1063700),(99,4,2,1276440),(99,4,3,1489180),(99,4,4,1701920),(99,4,5,2127400),(99,5,1,1547200),(99,5,2,1856640),(99,5,3,2166080),(99,5,4,2475520),(99,5,5,3094400),(99,6,1,967000),(99,6,2,1160400),(99,6,3,1353800),(99,6,4,1547200),(99,6,5,1934000),(100,1,1,916425),(100,1,2,1099710),(100,1,3,1282995),(100,1,4,1466280),(100,1,5,1832850),(100,2,1,2036500),(100,2,2,2443800),(100,2,3,2851100),(100,2,4,3258400),(100,2,5,4073000),(100,3,1,1832850),(100,3,2,2199420),(100,3,3,2565990),(100,3,4,2932560),(100,3,5,3665700),(100,4,1,1120075),(100,4,2,1344090),(100,4,3,1568105),(100,4,4,1792120),(100,4,5,2240150),(100,5,1,1629200),(100,5,2,1955040),(100,5,3,2280880),(100,5,4,2606720),(100,5,5,3258400),(100,6,1,1018250),(100,6,2,1221900),(100,6,3,1425550),(100,6,4,1629200),(100,6,5,2036500);

/*Data for the table `mission` */

insert  into `mission`(`id`,`mission_section_id`,`name`,`lock`,`completion`,`require_power`,`require_level`,`award_coins`,`award_skill`,`award_experience`,`award_mission_key`,`releate_quest_id`,`description`) values (1,1,'采药',1010,30,0,1,15,0,15,1020,2,''),(2,1,'调查',1020,75,0,1,18,0,25,1030,3,''),(3,1,'祸乱之源',1030,100,0,1,21,0,44,2010,5,''),(4,2,'考验',2010,30,0,3,25,0,60,2020,7,''),(5,2,'十里坡传艺',2020,75,0,3,30,0,72,2030,9,''),(6,2,'试练',2030,100,0,3,48,0,100,3010,10,''),(7,3,'水源污染',3010,30,0,6,55,0,114,3020,12,''),(8,3,'杀妖取丹',3020,75,0,6,82,0,120,3030,14,''),(9,3,'除妖道',3030,100,0,6,114,0,162,4010,15,''),(10,4,'相助',4010,30,0,9,88,0,192,4020,18,''),(11,4,'辟毒丹',4020,75,0,9,125,0,208,4030,19,''),(12,4,'双侠除妖',4030,100,0,9,125,0,268,5010,20,''),(14,5,'失踪的女童',5010,30,0,10,171,0,372,5020,23,''),(20,6,'诛杀赤鬼王',6030,100,5,13,380,0,672,7010,29,''),(16,5,'元神归位',5030,100,0,11,224,0,518,6010,25,''),(17,5,'以毒攻毒',5020,75,0,11,171,0,384,5030,24,''),(18,6,'尸妖作恶',6010,30,5,12,288,0,432,6020,27,''),(19,6,'苏州危机',6020,75,5,12,288,0,584,6030,28,'');

/*Data for the table `mission_item` */

insert  into `mission_item`(`mission_id`,`item_id`,`number`,`probability`) values (1,2,1,100),(2,13,1,50),(3,14,1,50),(12,43,1,100),(16,45,1,100);

/*Data for the table `mission_monster` */

insert  into `mission_monster`(`id`,`mission_monster_team_id`,`monster_id`,`deploy_grid_id`) values (1,1,1,1),(2,2,1,1),(3,3,1,1),(4,5,2,1),(5,6,2,1),(6,11,7,1),(7,12,7,1),(8,13,7,1),(9,14,8,1),(10,15,8,1),(11,16,8,1),(12,17,8,1),(13,18,8,1),(14,19,8,1),(15,20,9,1),(16,4,1,1),(17,7,2,1),(18,8,2,1),(19,9,2,1),(20,21,4,1),(21,22,4,1),(22,23,4,1),(23,24,5,1),(24,25,5,1),(25,26,5,1),(26,27,5,1),(27,28,5,1),(28,29,5,1),(29,30,6,1),(30,10,3,1),(31,31,16,1),(32,31,16,2),(33,32,16,1),(34,32,16,2),(35,33,10,1),(36,34,10,1),(37,35,10,1),(39,37,11,1),(40,38,11,1),(41,39,11,1),(43,41,16,27),(44,41,16,28),(45,42,11,1),(46,43,11,1),(47,44,11,1),(49,47,12,1),(50,46,16,14),(51,46,17,11),(52,48,16,8),(53,48,17,10),(54,49,16,1),(55,49,17,2),(56,50,13,14),(57,50,13,11),(58,52,16,1),(59,52,19,2),(60,51,13,14),(61,51,13,11),(62,53,13,11),(63,53,13,15),(64,55,17,1),(65,55,17,2),(66,56,17,14),(67,56,17,11),(68,54,14,36),(69,54,14,38),(70,57,17,16),(71,57,17,18),(72,58,14,14),(73,58,14,11),(74,59,14,11),(75,60,18,2),(76,59,14,12),(77,60,17,1),(78,61,14,36),(79,61,14,38),(80,62,14,14),(81,62,14,11),(82,63,14,11),(83,63,14,12),(84,64,14,1),(85,64,15,2);

/*Data for the table `mission_monster_quest_item` */

insert  into `mission_monster_quest_item`(`id`,`mission_monster_id`,`quest_id`,`item_id`,`probability`) values (1,11,14,27,100),(2,3,2,25,100),(3,22,7,26,100),(4,76,24,47,100);

/*Data for the table `mission_monster_team` */

insert  into `mission_monster_team`(`id`,`mission_scene_id`,`lock`,`deploy_mode_id`,`monster_id`,`position_x`,`position_y`) values (1,1,10101001,1,1,750,450),(2,1,10101002,1,1,1350,450),(3,1,10101003,1,1,1950,450),(4,2,10201001,1,1,750,450),(5,2,10201002,1,2,1350,450),(6,2,10201003,1,2,1950,450),(7,3,10301001,1,2,750,450),(8,3,10301002,1,2,1350,450),(9,3,10301003,1,2,1950,450),(10,4,10302001,1,3,750,450),(11,5,30101001,1,7,750,450),(12,5,30101002,1,7,1350,450),(13,5,30101003,1,7,1950,450),(14,6,30201001,1,8,750,450),(15,6,30201002,1,8,1350,450),(16,6,30201003,1,8,1950,450),(17,7,30301001,1,8,750,450),(18,7,30301002,1,8,1350,450),(19,7,30301003,1,8,1950,450),(20,8,30302001,1,9,750,450),(21,9,20101001,1,4,750,450),(22,9,20101002,1,4,1350,450),(23,9,20101003,1,4,1950,450),(24,10,20201001,1,5,750,450),(25,10,20201002,1,5,1350,450),(26,10,20201003,1,5,1950,450),(27,11,20301001,1,5,750,450),(28,11,20301002,1,5,1350,450),(29,11,20301003,1,5,1950,450),(30,12,20302001,1,6,750,450),(31,13,60101001,1,16,750,450),(32,13,60101002,1,16,1350,450),(33,14,40101001,1,10,750,450),(34,14,40101002,1,10,1350,450),(35,14,40101003,1,10,1950,450),(37,15,40201001,1,11,750,450),(38,15,40201002,1,11,1350,450),(39,15,40201003,1,11,1950,450),(41,13,60101003,6,16,1950,450),(42,16,40301001,1,11,750,450),(43,16,40301002,1,11,1350,450),(44,16,40301003,1,11,1950,450),(46,17,60201001,3,16,750,450),(47,19,40302001,1,12,750,450),(48,17,60201002,2,16,1350,450),(49,17,60201003,1,16,1950,450),(50,20,50101001,3,13,750,450),(51,20,50101002,3,13,1350,450),(52,18,60202001,1,19,750,450),(53,20,50101003,3,13,1950,450),(54,23,50201001,8,14,750,450),(55,21,60301001,1,17,750,450),(56,21,60301002,3,17,1350,450),(57,21,60301003,4,17,1950,450),(58,23,50201002,3,14,1350,450),(59,23,50201003,3,14,1950,450),(60,22,60302001,1,18,750,450),(61,24,50301001,8,14,750,450),(62,24,50301002,3,14,1350,450),(63,24,50301003,3,14,1950,450),(64,25,50302001,1,15,750,450);

/*Data for the table `mission_scene` */

insert  into `mission_scene`(`id`,`mission_id`,`lock`,`name`) values (1,1,101010,'房间1'),(2,2,102010,'房间2'),(3,3,103010,'房间1'),(4,3,103020,'房间3'),(5,7,301010,'房间1'),(6,8,302010,'房间2'),(7,9,303010,'房间1'),(8,9,303020,'房间3'),(9,4,201010,'房间1'),(10,5,202010,'房间2'),(11,6,203010,'房间1'),(12,6,203020,'房间3'),(13,18,601010,'房间1'),(14,10,401010,'房间1'),(15,11,402010,'房间2'),(16,12,403010,'房间1'),(17,19,602010,'房间2'),(18,19,602020,'房间3'),(19,12,403020,'房间3'),(20,14,501010,'房间1'),(21,20,603010,'房间1'),(22,20,603020,'房间3'),(23,17,502010,'房间2'),(24,16,503010,'房间2'),(25,16,503020,'房间3');

/*Data for the table `mission_section` */

insert  into `mission_section`(`id`,`lock`,`sign`,`name`,`town_id`,`award_skill`,`award_coins`,`award_experience`,`award_section_key`) values (1,10,'XianLingDao','仙灵岛',1,0,0,0,20),(2,20,'ShiLiPo','十里坡',1,0,0,0,30),(3,30,'ChenXiDong','沉溪洞',1,0,0,0,40),(4,40,'YinLongKu','隐龙窟',2,0,0,0,50),(5,50,'ZhuYinShan','烛阴山',2,0,0,0,60),(6,60,'LuanZangGang','乱葬岗',2,0,0,0,70);

/*Data for the table `mission_section_item` */

/*Data for the table `monster` */

insert  into `monster`(`id`,`sign`,`name`,`level`,`attack`,`defense`,`stunt_attack`,`stunt_defense`,`magic_attack`,`magic_defense`,`health`,`critical`,`dodge`,`hit`,`block`,`role_stunt_id`,`award_item_id`,`award_experience`) values (1,'GrassDemon','草妖',1,11,2,1,0,0,0,20,0,0,0,0,2,9,5),(2,'TreeDemon','树妖',2,14,4,1,0,0,0,47,0,0,0,0,2,11,10),(3,'WolfDemonBoss','天狼妖',3,15,4,1,0,0,0,82,0,0,0,0,2,18,14),(4,'WildPig','山猪',4,20,6,1,0,0,0,68,15,0,0,0,2,19,20),(5,'WolfDemon','狼妖小头目',5,22,7,1,0,0,0,84,0,0,0,0,2,20,24),(6,'WolfDemonBoss','狼妖大头目',6,28,8,1,0,0,0,107,0,0,0,0,2,21,28),(7,'ZhuHa','朱蛤',7,32,11,1,0,0,0,101,15,0,0,0,2,22,38),(8,'FeiYi','飞翼',8,36,12,1,0,0,0,103,15,0,0,0,2,23,40),(9,'LiYi','妖道李易',9,51,14,1,0,0,0,127,10,5,5,5,2,24,42),(10,'QingZhuSheYao','青竹蛇妖',9,48,15,5,0,0,0,105,0,0,0,0,2,33,48),(11,'HongSheYao','红蛇妖',9,50,15,5,0,0,0,120,0,0,0,0,2,34,52),(12,'SheYaoNan','蛇妖男',10,58,17,6,0,0,0,154,0,0,0,0,2,35,60),(13,'LuShiHuoChan','绿食火蟾',11,49,15,5,0,0,0,135,15,0,0,0,2,36,62),(14,'LuShiBingChan','绿食冰蟾',11,52,16,6,0,0,0,150,15,0,0,0,2,37,64),(15,'JinChan','金蟾',12,60,17,6,0,0,0,160,15,0,0,0,2,38,70),(16,'QingHuoJiangShi','青火僵尸',13,60,17,8,0,0,0,155,0,20,0,0,2,39,72),(17,'JiangShiJiangJun','僵尸将军',14,75,20,10,0,0,0,180,0,20,0,0,2,40,74),(18,'ChiGuiWang','赤鬼王',15,90,22,12,0,0,0,210,0,20,0,0,2,41,80),(19,'JiangChen',' 将臣',14,75,20,10,0,0,0,180,0,20,0,0,2,40,74);

/*Data for the table `multiple_mission` */

/*Data for the table `multiple_mission_monster` */

/*Data for the table `multiple_mission_monster_team` */

/*Data for the table `npc` */

insert  into `npc`(`id`,`npc_func_id`,`sign`,`name`,`dialog`,`shop_name`,`player_dialog`) values (1,1,'CunZhang','村长','可别小看小渔村，我们村可是出了好多修仙者的！','',''),(2,1,'JiuJianXian','酒剑仙','酒里自有仙道，仙道止乎醉梦乡！','',''),(3,1,'ShuiLing','水灵','郎骑竹马来，绕床弄青梅；同居长干里，两小无嫌猜。','',''),(4,2,'YunNiang','芸娘','天下攘攘，皆为利来！','杂货商',''),(5,1,'LiDaNiang','李大娘','世界上最醇的美酒就是本大娘酿的逍遥醉！','',''),(6,1,'LinTianNan','林天南','想成为我林天南的女婿，就看你有没有这个本事！','',''),(8,3,'JinXiLi','金犀利','犀利的剑让你的敌人永远没有抗拒的余地！','武器商人',''),(9,5,'LuoTuoGe','骆驼哥','我希望我卖的不是防具而是一种保障！','仓库管理员',''),(10,4,'LuWu','陆吾','成仙不是个梦，有了法宝，同样乘风破万里！','防具商人',''),(11,1,'TieSuanPan','铁算盘','凡人总希望有个安稳的窝！','',''),(12,1,'ChuChu','楚楚','行侠仗义，除妖卫道！','','');

/*Data for the table `npc_function` */

insert  into `npc_function`(`id`,`sign`,`name`) values (1,'NonFunction','无功能NPC'),(2,'ItemShopNPC','物品商人'),(3,'EquiShopNPC','武器商人'),(4,'ArmorShopNPC','防具商人'),(5,'WarehouseNPC','仓库管理员');

/*Data for the table `player` */

insert  into `player`(`id`,`username`,`nickname`,`main_role_id`) values (1,'test01','玩家01',1),(2,'test02','玩家02',2),(3,'test03','玩家03',3),(4,'test04','玩家04',4),(5,'test05','玩家05',5),(6,'test06','玩家06',6),(7,'test07','玩家07',7),(8,'test08','玩家08',8),(9,'test09','玩家09',9),(10,'test10','玩家10',10);

/*Data for the table `player_cd_time` */

/*Data for the table `player_chat_record` */

/*Data for the table `player_data` */

insert  into `player_data`
(`player_id`,`ingot`,`coins`,`fame`,`skill`,`medical`,`init_medical`,`power`,`max_power`,`role_num`,`max_role_num`,`deploy_mode_id`,`signature`,`last_contact_list`,`mounted_player_item`,`avatar_item`) values
(1,9992,200000,0,9987,0,0,100,100,1,5,1,'','',0,0),
(2,10000,200000,0,10000,0,0,100,100,1,5,1,'','',0,0),
(3,10000,200000,0,10000,0,0,100,100,1,5,1,'','',0,0),
(4,10000,200000,0,10000,0,0,100,100,1,5,1,'','',0,0),
(5,10000,200000,0,10000,0,0,100,100,1,5,1,'','',0,0),
(6,10000,200000,0,10000,0,0,100,100,1,5,1,'','',0,0),
(7,50,200000,0,10000,0,0,100,100,1,5,1,'','',0,0),
(8,50,200000,0,10000,0,0,100,100,1,5,1,'','',0,0),
(9,50,200000,0,10000,0,0,100,100,1,5,1,'','',0,0),
(10,50,200000,0,10000,0,0,100,100,1,5,1,'','',0,0);

/*Data for the table `player_day_quest` */

/*Data for the table `player_deploy_grid` */

insert  into `player_deploy_grid`(`player_role_id`,`deploy_grid_id`,`player_id`,`deploy_mode_id`) values (1,1,1,0),(11,2,2,0),(21,3,3,0);

/*Data for the table `player_farmland` */

insert  into `player_farmland`(`id`,`player_id`,`herbs_id`,`player_role_id`,`harvest_time`) values (1,1,NULL,NULL,NULL),(2,1,NULL,NULL,NULL),(3,1,NULL,NULL,NULL),(4,1,NULL,NULL,NULL),(5,1,NULL,NULL,NULL),(6,1,NULL,NULL,NULL),(7,1,NULL,NULL,NULL),(8,1,NULL,NULL,NULL),(9,1,NULL,NULL,NULL);

/*Data for the table `player_friends` */

/*Data for the table `player_herbs` */

/*Data for the table `player_item` */

/*Data for the table `player_key` */

insert  into `player_key`(`player_id`,`town`,`quest`,`section`,`mission`,`research`,`pack_grid`,`role_equi`,`warehouse`) values (1,1,1,10,100,1,18,1,18),(2,1,1,10,100,1,18,1,18),(3,1,1,10,100,1,18,1,18),(4,1,1,10,100,1,18,1,18),(5,1,1,10,100,1,18,1,18),(6,1,1,10,100,1,18,1,18),(7,1,1,10,100,1,18,1,18),(8,1,1,10,100,1,18,1,18),(9,1,1,10,100,1,18,1,18),(10,1,1,10,100,1,18,1,18);

/*Data for the table `player_last_pos` */

insert  into `player_last_pos`(`player_id`,`town_id`,`x`,`y`) values (1,1,200,450),(2,1,200,450),(3,1,200,450),(4,1,200,450),(5,1,200,450),(6,1,200,450),(7,1,200,450),(8,1,200,450),(9,1,200,450),(10,1,200,450);

/*Data for the table `player_mission_record` */

/*Data for the table `player_quest` */

/*Data for the table `player_research` */

/*Data for the table `player_role` */

insert  into `player_role`(`id`,`player_id`,`role_id`,`level`,`experience`,`health`,`state`) values (1,1,1,1,1,100,0),(2,2,1,1,1,100,0);

/*Data for the table `player_role_data` */

insert  into `player_role_data`(`player_role_id`,`player_id`,`strength`,`agile`,`intellect`,`strength_additional`,`agile_additional`,`intellect_additional`,`attack`,`defense`,`stunt_attack`,`stunt_defense`,`magic_attack`,`magic_defense`,`max_health`,`critical`,`dodge`,`hit`,`block`) values (1,1,60,50,50,0,0,0,1,1,1,1,1,1,1,1,1,1,1),(2,2,60,50,50,0,0,0,1,1,1,1,1,1,1,1,1,1,1);

/*Data for the table `player_trace` */

/*Data for the table `quest` */

insert  into `quest`(`id`,`type`,`lock`,`level`,`title`,`content`,`conditions`,`town_text`,`begin_npc_id`,`end_npc_id`,`award_experience`,`award_coins`,`award_item_id`,`is_talk_quest`,`award_town_key`,`award_quest_key`,`unlock_level`,`accept_talk`,`accepted_talk`,`completed_talk`) values (1,1,1,1,'拜访村长','去找村长对话','发布任务NPC——水灵&lt;br /&gt;完成任务NPC——村长','去找[村长]对话',3,1,10,3,0,1,1,2,0,'','','你就是救了水灵的少侠！果然气度不凡，真是太感谢你救了我孙女啊，老朽在此给你行礼了。|老人家不必多礼。 '),(2,1,2,1,'采药','村长说村民病危，需要仙灵岛的灵药龙芽草才能救治，他拜托你上仙灵岛采药','发布任务NPC——村长&lt;br /&gt;完成任务NPC——村长\r\n','去[仙灵岛]杀[草妖]',1,1,20,7,25,0,1,3,0,'村民生了重病，需要仙灵岛的灵药龙芽草来救治他们，少侠可否上仙灵岛采些龙芽草回来？|村长放心，我去去就回！|少侠一切小心！','少侠还不动身吗？村民们可是等不住了。|我这就去！','村民服用之后已然都痊愈，老朽代表他们感谢少侠的救命之恩。|村长言重了！'),(3,1,3,2,'调查','村长对于仙灵岛妖怪猖獗的状况非常担忧，想请你去仙灵岛调查一下原因。','发布任务NPC——村长&lt;br /&gt;完成任务NPC——村长','去[仙灵岛]杀[树妖]',1,1,30,10,0,0,1,4,0,'少侠可曾发现仙灵岛有何怪异之处？|这我倒没发现。|少侠有所不知，那仙灵岛本是一个充满灵气的仙岛，眼下不知为何会陷入妖怪肆虐的局面？少侠可否去仙灵岛调查一下原因。|村长如此一说，我便去看看吧！|少侠一切小心！','少侠还不动身吗？|我这就去！','少侠查出仙灵岛妖怪盘踞原因了吗？|这仙灵岛倒是没特别奇怪的地方！|没关系，辛苦少侠了！|村长不必客气'),(4,1,4,3,'请教','村长让你去请教游方道士酒剑仙，关于仙灵岛的事情。','发布任务NPC——村长&lt;br /&gt;完成任务NPC——酒剑仙','去找[酒剑仙]请教[仙灵岛]的问题',1,2,10,3,0,1,1,5,0,'少侠，我看这样吧，村上来了位游方道士酒剑仙，你去问问他，也许他知道些情况！| 好，我这就去。|老夫等你的好消息！','','村长的担忧是有道理的，既然这样，老夫就告诉你详情吧。| 多谢前辈！'),(5,1,5,3,'祸乱之源','你知道了仙灵岛的祸乱之源，上仙灵岛杀天狼王。','发布任务NPC——酒剑仙&lt;br /&gt;完成任务NPC——酒剑仙','去[仙灵岛]杀[天狼妖]',2,2,45,15,0,0,1,6,0,' 这仙灵岛有一只天狼妖，妖法高强，它便是造成仙灵岛混乱的幕后黑手！|原来如此！|既然你知道缘由了，就去杀了那天狼妖，一切危机自解。|多谢前辈告知！|时不我待，你速去速回。','小兄弟怎么还不去？|我马上就去！','看不出小兄弟你还有两把刷子嘛！|前辈过奖了！'),(6,1,6,4,'考验(一)','酒剑仙见你英勇非凡，根骨奇佳，是块练武的好材料，有心传授一招绝招给你，但不知你秉性如何，便想考验你一下。杂货商芸娘遇到了一些麻烦，让你去帮帮她。','发布任务NPC——酒剑仙&lt;br /&gt;完成任务NPC——杂货商芸娘','去找[杂货商芸娘]',2,4,30,10,0,1,1,7,0,'杂货商芸娘好像有些麻烦，你去帮帮他。|好的，我这就去。|这可是件雪中送炭的好事啊。','','少侠来得正好，我正有麻烦需要人帮忙！|  有什么麻烦尽管让我去解决！'),(7,1,7,4,'考验(二)','杂货商芸娘让你去十里坡帮他夺回被山猪抢去的货物。','发布任务NPC——杂货商芸&lt;br /&gt;完成任务NPC——杂货商芸娘','去[十里坡]杀[山猪]',4,4,80,27,26,0,1,8,0,'我前日运货路过十里坡，货物被山猪劫去，少侠能帮我夺回来吗？| 没问题！|那山猪异常凶暴，望望不可轻敌！','我的货物取回来了吗？|我马上就去！','多谢少侠仗义出手！|区区小事，何足挂齿！'),(8,1,8,4,'致谢','杂货商芸娘让你帮她去向酒剑仙道声谢。','发布任务NPC——杂货商芸娘&lt;br /&gt;完成任务NPC——酒剑仙','去找[酒剑仙]表达[杂货商芸娘]的谢意',4,2,30,10,0,1,1,9,0,'我知道酒剑仙只是听说我有麻烦，便马上让你过来帮助我，他的大恩我真是无法回报，少侠能否帮我跟他道声谢谢。|没问题！|酒剑仙真是个好人来着！','','芸娘客气了，这完全是你的功劳才对。|前辈过奖了！'),(9,1,9,5,'十里坡传艺','酒剑仙见你秉性不错，十分满意，决定在十里坡传艺给你。 \r\n','发布任务NPC——酒剑仙&lt;br /&gt;完成任务NPC——酒剑仙','去[十里坡]杀[狼妖小头目]',2,2,88,29,0,0,1,10,0,'老夫见你秉性不错，决定将我最厉害的绝招传授给你，你去十里坡等我。|真的吗。。。。。。。多谢前辈！|你记住了，只有练就一身武艺才能除妖卫道！','老夫的绝招只传授有缘人，你还不去？|知道！','你已然学会老夫的绝招！以后当多多练习，方能掌握！|多谢前辈教诲！'),(10,1,10,6,'试练','事隔几日，酒剑仙怕你荒废武功，让你去十里坡试炼一下。 \r\n','发布任务NPC——酒剑仙&lt;br /&gt;完成任务NPC——酒剑仙','去[十里坡]杀[狼妖大头目]',2,2,100,33,0,0,1,11,0,'老夫的绝招一日不用，便会生疏，你去十里坡除掉狼妖大头目，就当练手！|前辈教训得是，我这就去！|正所谓熟能生巧，巧而克敌制胜！','不要偷懒，快去快回！|是！','不错，小兄弟果然天资过人，这么快就掌握了老夫绝招的精髓！|前辈过奖了！'),(11,1,11,7,'水源污染(一)','酒剑仙说村民眼下都没干净的水源饮用，眼下都在村长家里开会，你去那边看看，究竟发生何事？','发布任务NPC——酒剑仙&lt;br /&gt;完成任务NPC——村长','去找[村长]问清情况',2,1,70,23,0,1,1,12,0,'最近村中的水源好像出了问题，村民都在村子家里开会，不知情况如何？你赶紧去村长那里一趟，问个清楚。| 我马上就去！| 村长他老人家为了这个村奔波不已，你可要尽心替他分担分担啊。','','少侠来的正好，我们便一起来商议下解决的办法吧。| 好！'),(12,1,12,7,'水源污染(二)','村长说村外的河流突然变得污浊，不能饮用，让你去河流的上游沉溪洞调查一番。','发布任务NPC——村长&lt;br /&gt;完成任务NPC——村长','去[沉溪洞]杀[朱蛤]',1,1,158,53,0,0,1,13,0,'最近村外的河流突然变得污浊，所以村中水源才不能饮用，少侠可愿意帮我去河流上游沉溪洞打探一番？|乐意效劳！|少侠一切小心！','少侠调查清楚了吗？| 还没，我这就去！','那沉溪洞果然有妖怪作怪，想必水源污浊与它们有关，辛苦少侠了！|村长不必客气！'),(13,1,13,8,'杀妖取丹(一)','村长让你去找酒剑仙询问解决的办法。','发布任务NPC——村长&lt;br /&gt;完成任务NPC——酒剑仙','去找[酒剑仙]对话',1,2,70,23,0,1,1,14,0,'如此看来，得去找酒剑仙商议一下，方可行事！不知少侠愿意替我跑一趟吗？|没问题！|村子里可是越来越不安全了，真是烦心啊！','你快快前去找酒剑仙！|好的！','嗯？有这等事情！待老夫想想办法！|是，前辈！'),(14,1,14,8,'杀妖取丹(二)','酒剑仙让你去沉溪洞找些妖怪内丹回来给他研究一下。','发布任务NPC——酒剑仙&lt;br /&gt;完成任务NPC——酒剑仙','去[沉溪洞]杀[飞翼]',2,2,200,67,27,0,1,15,0,'这沉溪洞必有蹊跷，你去那取回一些妖怪内丹给老夫研究一下！|好的，我去去就回！|妖怪内丹乃是妖怪精魄所在，只要老夫用秘术一查，便知因由！','快去取回妖怪内丹给老夫！|好的！','这就是那内丹啊！待我研究一下，辛苦你了！|前辈不必客气！'),(15,1,15,9,'除妖道','酒剑仙对怪物内丹一番察看，知道污染河源的罪魁祸首就是他一直追杀到小渔村便失去踪影的妖道李易，让你去沉溪洞消灭它。','发布任务NPC——酒剑仙&lt;br /&gt;完成任务NPC——酒剑仙','去[沉溪洞]杀[妖道李易]',2,2,270,90,0,0,1,16,0,'经过一番研究，老夫已然知道这沉溪洞妖孽的来源！|不知。。。。。。|污染河源的罪魁祸首就是老夫一直追杀到小渔村便失去踪影的妖道李易，此子无恶不作，想不到竟然躲在沉溪洞中！你马上去将其除掉！|好的！|那可恶的妖道李易，这次老夫必定要替天除妖！','你快去快回！|是！','妖道李易已除，以后小渔村便安宁许多了。|是啊。'),(16,1,16,9,'启程','酒剑仙让你去苏州见见世面，这样有助于你的修行。 你前往苏州找林天南。','发布任务NPC——酒剑仙&lt;br /&gt;完成任务NPC——林天南','前往[苏州]找[林天南]',2,6,71,24,0,1,2,17,0,'经过这几日的锻炼，这小小的渔村已然不适合你了，你需要到苏州这个更大的舞台去磨练一番。|苏州？苏州是什么地方？|去了你就知道了！老夫雇了一艘去苏州城的船，你现在马上动身吧！有缘我们会再见面的！|多谢前辈厚爱！|再好的天赋也是需要历练的，你还需多多努力！','','原来是酒剑仙推荐的年轻高手！果然气宇轩昂，一派少侠风范！|林大哥过奖了！'),(17,1,17,9,'相助（一）','林天南的女儿楚楚听闻隐龙窟蛇妖横行，前往除妖，至今未归，恐有危险，酒剑仙也已到达苏州，让你前去找酒剑仙相助','发布任务NPC——林天南&lt;br /&gt;完成任务NPC——酒剑仙\r\n','去[苏州]客栈找[酒剑仙]',6,13,75,25,0,1,2,18,0,'少侠，我那女儿楚楚日前去隐龙窟除妖，至今未归，我很是担心，听说酒剑仙早已到达苏州，你能否帮我去找酒剑仙帮忙一下？|酒剑仙已然在苏州啦？我这就去找他。|麻烦少侠了！','','老夫早已听闻隐龙窟蛇妖凶悍无比，楚楚身为女孩子家竟然孤身前往除妖，当真是巾帼不让须眉！|前辈说得倒是轻松，林大哥可是着急得要死。'),(18,1,18,9,'相助（二）','酒剑仙说隐龙窟蛇妖甚为厉害，让你前去相助楚楚','发布任务NPC——酒剑仙&lt;br /&gt;完成任务NPC——林天南','前往[隐龙窟]内杀掉[青竹蛇妖]',13,6,258,86,0,0,2,19,0,' 隐龙窟蛇妖妖力强劲，楚楚姑娘孤身一人，恐有危险，你赶紧前去相助她。|我这就去！|切记不可轻敌！','你还没去吗？|我马上就动身！','烦扰少侠了！我那女儿性子过于倔强，不听你劝，还望少侠不要见怪！|林大哥，不必客气。'),(19,1,19,9,'辟毒丹','林天南知是女儿脾气倔强，不听人劝，但那蛇怪又剧毒无比，女儿在那必定危险重重，让你将这辟毒丹去给她，以辟蛇毒','发布任务NPC——林天南&lt;br /&gt;完成任务NPC——楚楚','前往[隐龙窟]内杀掉[红蛇妖]',6,6,286,95,0,0,2,20,0,'少侠想必也知隐龙窟的蛇怪剧毒无比，我这有两颗辟毒丹，一颗给少侠服下，另一颗麻烦少侠送去隐龙窟给楚楚，可否？|有了这辟毒丹，那蛇毒就不足为惧！|有烦少侠再跑一趟！','少侠将辟毒丹送到了吗？|我这就去！','爹爹总是如此大惊小怪！ 不就几只蛇妖，本姑娘还不放在眼中！不过还是谢谢你送药之恩！|楚楚姑娘不必客气！'),(20,1,20,10,'双侠除妖','楚楚见你杀那红蛇妖时身手不错，让你一起去除掉凶猛残暴的蛇妖男','发布任务NPC——楚楚&lt;br /&gt;完成任务NPC——林天南','前往[隐龙窟]内杀掉[蛇妖男]',6,6,358,119,0,0,2,21,0,'前往隐龙窟杀掉蛇妖男','本姑娘看你身手不错嘛，你跟我一起去杀那隐龙窟之王“蛇妖男”吧！| 好！ 没问题|这次我们一定要除掉那蛇妖男','多谢少侠救了楚楚！| 林大哥不必客气！'),(21,1,21,10,'邀请伙伴','林天南说楚楚从小娇生惯养，眼下愿意跟你出去历练，他甚是欣慰，让你赶紧去客栈找她。','发布任务NPC——林天南&lt;br /&gt;完成任务NPC——客栈掌柜','去找[客栈掌柜],邀请[楚楚]为伙伴',6,11,141,47,0,1,2,22,0,'我那女儿楚楚，从小便给宠坏了，眼下她既然愿意跟随你出去历练一番，我也是感到欣慰的，你现在就去找客栈掌柜，楚楚就在客栈中。|好，我马上去！|少侠对楚楚要多照应才是。','','本店专为修仙强者所设，日后只要有修仙伙伴，便来本店邀请即可！|好的！'),(22,1,22,10,'失踪的女童（一）','昨夜苏州有许多女童失踪，官府一直查不到线索；太守便拜托林天南去请教一下酒剑仙。 林天南让你去找下酒剑仙，商讨解决办法。','发布任务NPC——林天南&lt;br /&gt;完成任务NPC——酒剑仙','去找[酒剑仙]对话',6,13,110,37,0,1,2,23,0,'少侠有听说最近城中有许多女童失踪的事情吗？|哦？还有这等事？| 昨日，太守到我府上来说城中的许多女童无故失踪，他们一直没有线索，便请我去请教一下酒剑仙，看他是否有办法？刚好少侠在这，就替林大哥跑一趟吧。','','待老夫作法一番！|敬候佳音！'),(23,1,23,10,'失踪的女童（二）','酒剑仙一番作法，算出是烛阴山的妖怪抓走女童，让你去烛阴山救女童。','发布任务NPC——酒剑仙&lt;br /&gt;完成任务NPC——酒剑仙','前往[烛阴山]杀[绿食火蟾]',13,13,450,150,0,0,2,24,0,'原来是那烛阴山的妖怪抓走女童的，你速去烛阴山救回女童。|是！|快去快回！','你还没去吗？|我马上就动身！','辛苦你了，让老夫来救治她们就行了！|如此甚好！'),(24,1,24,11,'以毒攻毒','酒剑仙对这群昏迷的女童一番诊断，发现她们中了绿食火蟾之毒，需要用一种叫做冰蟾胆的材料来作为药引，方能达到以毒攻毒克制绿食火蟾之毒的效果。','发布任务NPC——酒剑仙&lt;br /&gt;完成任务NPC——酒剑仙','前往[烛阴山]杀[绿食冰蟾]取[冰蟾胆]',13,13,510,170,47,0,2,25,0,'这群女童中了那妖怪绿食火蟾的毒，需要用一种叫做冰蟾胆的材料来作为药引，方能救活。|冰蟾胆？不知这冰蟾胆要去何处取？| 这有毒的妖怪之处必定有克制它们之物，你去烛阴山看看吧。|原来如此，那我这就去！|望你小心为上。','你还没去吗？|我马上就动身！','嗯不错，这就是冰蟾胆！| 总算不负所托！'),(25,1,25,11,'元神归位','酒剑仙用冰蟾胆炼制成解药让女童们服下，性命是保住了，不过仍然昏迷不醒，酒剑仙用法术查探之下，发现她们毒气虽解，但元神异常虚弱，想必是被烛阴山的妖怪吞噬掉部分元神，如果不及时除掉烛阴山的妖怪，后果不堪设想。','发布任务NPC——酒剑仙&lt;br /&gt;完成任务NPC——酒剑仙','前往[烛阴山]杀掉[金蟾]',13,13,590,197,0,0,2,26,0,'咦？这群女童服下解药之后，身上之毒虽已解，却仍昏迷不醒？|前辈，这是为何？|糟糕，这群女童的元神好似被妖怪吞噬过，异常虚弱，你火速赶往烛阴山除掉群妖，方能解救她们。|原来如此，那我这就去！|一切看你了！','你还没去吗？|我马上就动身！','想不到这过程竟然如此曲折！|嗯！那金蟾也是修行不易，只要它不为祸人间便可！'),(26,1,26,12,'尸妖作恶（一）','酒剑仙说林天南派人来说，好像那乱葬岗出现了一些僵尸作恶，你去找林天南问清详细情况。','发布任务NPC——酒剑仙&lt;br /&gt;完成任务NPC——林天南','去找[林天南]问清详细情况',13,6,160,53,0,1,2,27,0,'林天南方才派人来说，那乱葬岗好像有僵尸作恶，你去找林天南问清详细情况。|没问题！|林天南大哥为了苏州四处操心，望你能多多助他！','',' 少侠来得正好，老哥正有事相求。| 林大哥不必客气！'),(27,1,27,12,'尸妖作恶（二）','林天南说城外的乱葬岗有尸妖作恶，要你去乱葬岗消灭尸妖。','发布任务NPC——林天南&lt;br /&gt;完成任务NPC——林天南','前往[乱葬岗杀]掉[青火僵尸]',6,6,620,207,0,0,2,28,0,'近日那乱葬岗不知为何出现了许多僵尸，四处作恶，少侠能否去消灭他们？|没问题！|少侠，那僵尸甚为厉害，还望小心为上。','你还没去吗？| 我马上就动身！','这下苏州百姓总算安心了！有劳少侠了！| 大义所在！林大哥不必客气！'),(28,1,28,13,'苏州危机','林天南说乱葬岗突然出现僵尸大军，眼下正往苏州城杀来，尤其是领头的那头僵尸将军异常凶猛，前往除妖的城卫军已经抵抗不住，需要你去协助他们消灭僵尸将军将臣。','发布任务NPC——林天南&lt;br /&gt;完成任务NPC——林天南','去[乱葬岗]打败[僵尸将军将臣]',6,6,640,213,0,0,2,29,0,'少侠大事不好，那乱葬岗出现了僵尸大军，为首是一头僵尸将军，异常凶猛，城卫军已抵抗不住，你赶紧去帮助他们消灭僵尸。| 我倒要去会他一会！|希望苏州这次能够渡过这次难关！','你还没去吗？| 我马上就动身！','原来那将臣生前竟然如此显赫！|将臣的确是个很大的助力。'),(29,1,29,13,'诛杀赤鬼王','乱葬岗的赤鬼王，将乱葬岗的尸体全变成了僵尸，真是让生者不安，死者不宁！为了帮助将臣摆脱赤鬼王的控制，为了苏州城的安全，都需要你去诛杀它。','发布任务NPC——林天南&lt;br /&gt;完成任务NPC——林天南','去[乱葬岗]杀掉[赤鬼王]',6,6,960,320,0,0,2,30,0,'既然你与将臣有这个约定，而且也为了苏州城的安全，防止乱葬岗的僵尸受赤鬼王控制后卷土重来，你便去乱葬岗消灭它吧！|我一定会消灭赤鬼王，让将臣摆脱控制的！|如此大恶之妖，定要斩除。','你还没去吗？| 我马上就动身！','少侠果然强悍，这下将臣必定服你！|林大哥过奖了！');

/*Data for the table `quest_type` */

insert  into `quest_type`(`id`,`name`) values (1,'主线任务'),(2,'支线任务'),(3,'每日任务');

/*Data for the table `research` */

insert  into `research`(`id`,`name`,`research_type_id`,`research_key`,`content`,`addition_type_id`,`research_data_type_id`) values (1,'生命值',1,1,'增加生命值',1,4),(2,'攻击力',1,1,'增加攻击能力',1,1),(3,'天门阵',2,1,'增加队伍挡格能力',2,9),(4,'鹤翼阵',2,1,'增加队伍普通攻击能力',1,1),(5,'防御力',1,1,'增加防御能力',1,2),(6,'法术攻击',1,1,'增加法术攻击力',1,7),(7,'法术防御',1,1,'增加法术防御力',1,8),(8,'绝技攻击',1,1,'增加绝技攻击力',1,5),(9,'绝技防御',1,1,'增加绝技防御力',1,6),(10,'天罡阵',2,1,'增加队伍绝技攻击能力',1,5),(11,'刺魂阵',2,1,'增加队伍暴击能力',2,10),(12,'剑形阵',2,1,'增加队伍闪避能力',2,3),(13,'七星阵',2,1,'增加队伍命中能力',2,11),(14,'飞鱼阵',2,1,'增加普通防御能力',1,2),(15,'正奇阵',2,1,'增加法术攻击能力',1,7);

/*Data for the table `research_data_type` */

insert  into `research_data_type`(`id`,`name`,`sign`) values (1,'攻击','attack'),(2,'防御','defense'),(3,'闪避','dodge'),(4,'生命值','health'),(5,'绝技攻击','stunt_attack'),(6,'绝技防御','stunt_defense'),(7,'法术攻击','magic_attack'),(8,'法术防御','magic_defense'),(9,'挡格','block'),(10,'暴击','critical'),(11,'命中','hit');

/*Data for the table `research_level_data` */

insert  into `research_level_data`(`research_id`,`level`,`skill`,`research_value`,`cd_time`,`player_level`) values (1,1,15,10,20,1),(1,2,25,20,30,2),(1,3,35,30,40,3),(2,1,15,10,20,1),(2,2,25,20,30,2),(3,1,20,100,10,1),(4,1,20,10,10,1),(4,2,400,60,200,20),(3,2,400,125,200,20),(3,3,500,150,250,25),(3,4,600,175,300,30),(3,5,700,200,350,35),(3,6,800,225,400,40),(3,7,900,250,450,45),(3,8,1000,275,500,50),(3,9,1100,300,550,55),(3,10,1200,300,600,60),(6,11,137,132,142,11),(5,60,425,420,430,60),(5,59,418,413,423,59),(5,58,411,406,416,58),(5,57,404,399,409,57),(5,56,397,392,402,56),(5,55,390,385,395,55),(5,54,383,378,388,54),(5,53,376,371,381,53),(5,52,369,364,374,52),(5,51,362,357,367,51),(5,50,355,350,360,50),(5,49,348,343,353,49),(5,48,341,336,346,48),(5,47,334,329,339,47),(5,46,327,322,332,46),(5,45,320,315,325,45),(5,44,313,308,318,44),(5,43,306,301,311,43),(5,42,299,294,304,42),(5,41,292,287,297,41),(5,40,285,280,290,40),(5,39,278,273,283,39),(5,38,271,266,276,38),(5,37,264,259,269,37),(5,36,257,252,262,36),(5,35,250,245,255,35),(5,34,243,238,248,34),(5,33,236,231,241,33),(5,32,229,224,234,32),(5,31,222,217,227,31),(5,30,215,210,220,30),(5,29,208,203,213,29),(5,28,201,196,206,28),(5,27,194,189,199,27),(5,26,187,182,192,26),(5,25,180,175,185,25),(5,24,173,168,178,24),(5,23,166,161,171,23),(5,22,159,154,164,22),(5,21,152,147,157,21),(5,20,145,140,150,20),(5,19,138,133,143,19),(5,18,131,126,136,18),(5,17,124,119,129,17),(5,16,117,112,122,16),(5,15,110,105,115,15),(5,14,103,98,108,14),(5,13,96,91,101,13),(5,12,89,84,94,12),(4,3,500,70,250,25),(4,4,600,80,300,30),(4,5,700,90,350,35),(4,6,800,10,400,40),(4,7,900,120,450,45),(4,8,1000,140,500,50),(4,9,1100,160,550,55),(4,10,1200,200,600,60),(5,11,82,77,87,11),(2,60,605,600,610,60),(2,59,595,590,600,59),(2,58,585,580,590,58),(2,56,565,560,570,56),(2,55,555,550,560,55),(2,54,545,540,550,54),(2,53,535,530,540,53),(2,52,525,520,530,52),(2,51,515,510,520,51),(2,50,505,500,510,50),(2,49,495,490,500,49),(2,48,485,480,490,48),(2,47,475,470,480,47),(2,46,465,460,470,46),(2,45,455,450,460,45),(2,44,445,440,450,44),(2,43,435,430,440,43),(2,42,425,420,430,42),(2,41,415,410,420,41),(2,40,405,400,410,40),(2,39,395,390,400,39),(2,38,385,380,390,38),(2,37,375,370,380,37),(2,36,365,360,370,36),(2,35,355,350,360,35),(2,34,345,340,350,34),(2,33,335,330,340,33),(2,32,325,320,330,32),(2,31,315,310,320,31),(2,30,305,300,310,30),(2,29,295,290,300,29),(2,28,285,280,290,28),(2,27,275,270,280,27),(2,26,265,260,270,26),(2,25,255,250,260,25),(2,24,245,240,250,24),(2,23,235,230,240,23),(2,22,225,220,230,22),(2,21,215,210,220,21),(2,20,205,200,210,20),(2,19,195,190,200,19),(2,18,185,180,190,18),(2,17,175,170,180,17),(2,16,165,160,170,16),(2,15,155,150,160,15),(2,14,145,140,150,14),(2,13,135,130,140,13),(2,12,125,120,130,12),(2,11,115,110,120,11),(1,4,45,40,50,4),(1,5,55,50,60,5),(1,6,65,60,70,6),(1,7,75,70,80,7),(1,8,85,80,90,8),(1,9,95,90,100,9),(1,10,105,100,110,10),(1,11,115,110,120,11),(1,12,125,120,130,12),(1,13,135,130,140,13),(1,14,145,140,150,14),(1,15,155,150,160,15),(1,16,165,160,170,16),(1,17,175,170,180,17),(1,18,185,180,190,18),(1,19,195,190,200,19),(1,20,205,200,210,20),(1,21,215,210,220,21),(2,3,35,30,40,3),(2,4,45,40,50,4),(2,5,55,50,60,5),(2,6,65,60,70,6),(2,7,75,70,80,7),(2,8,85,80,90,8),(2,9,95,90,100,9),(2,10,105,100,110,10),(5,1,12,7,17,1),(5,2,19,14,24,2),(5,3,26,21,31,3),(5,4,33,28,38,4),(5,5,40,35,45,5),(5,6,47,42,52,6),(5,7,54,49,59,7),(5,8,61,56,66,8),(5,9,68,63,73,9),(5,10,75,70,80,10),(6,1,17,12,22,1),(6,2,29,24,34,2),(6,3,41,36,46,3),(6,4,53,48,58,4),(6,5,65,60,70,5),(6,6,77,72,82,6),(6,7,89,84,94,7),(6,8,101,96,106,8),(6,9,113,108,118,9),(6,10,125,120,130,10),(7,1,13,8,18,1),(7,2,21,16,26,2),(7,3,29,24,34,3),(7,4,37,32,42,4),(7,5,45,40,50,5),(7,6,53,48,58,6),(7,7,61,56,66,7),(7,8,69,64,74,8),(7,9,77,72,82,9),(7,10,85,80,90,10),(8,1,30,25,35,1),(8,2,55,50,60,2),(8,3,80,75,85,3),(8,4,105,100,110,4),(8,5,130,125,135,5),(8,6,155,150,160,6),(8,7,180,175,185,7),(8,8,205,200,210,8),(8,9,230,225,235,9),(8,10,255,250,260,10),(9,1,23,18,28,1),(9,2,41,36,46,2),(9,3,59,54,64,3),(9,4,77,72,82,4),(9,5,95,90,100,5),(9,6,113,108,118,6),(9,7,131,126,136,7),(9,8,149,144,154,8),(9,9,167,162,172,9),(9,10,185,180,190,10),(10,1,20,10,10,1),(10,2,400,40,200,20),(10,3,500,50,250,25),(10,4,600,60,300,30),(10,5,700,70,350,35),(10,6,800,80,400,40),(10,7,900,100,450,45),(10,8,1000,120,500,50),(10,9,1100,140,550,55),(10,10,1200,180,600,60),(11,1,20,100,10,1),(11,2,400,125,200,20),(11,3,500,150,250,25),(11,4,600,175,300,30),(11,5,700,200,350,35),(11,6,800,225,400,40),(11,7,900,250,450,45),(11,8,1000,275,500,50),(11,9,1100,300,550,55),(11,10,1200,300,600,60),(12,1,20,100,10,1),(12,2,400,125,200,20),(12,3,500,150,250,25),(12,4,600,175,300,30),(12,5,700,200,350,35),(12,6,800,225,400,40),(12,7,900,250,450,45),(12,8,1000,275,500,50),(12,9,1100,300,550,55),(12,10,1200,300,600,60),(13,1,20,100,10,1),(13,2,400,125,200,20),(14,1,20,10,10,1),(14,2,400,20,200,20),(15,1,20,10,10,1),(15,2,400,20,200,20),(1,22,225,220,230,22),(1,23,235,230,240,23),(1,24,245,240,250,24),(1,25,255,250,260,25),(1,26,265,260,270,26),(1,27,275,270,280,27),(1,28,285,280,290,28),(1,29,295,290,300,29),(1,30,305,300,310,30),(1,31,315,310,320,31),(1,32,325,320,330,32),(1,33,335,330,340,33),(1,34,345,340,350,34),(1,35,355,350,360,35),(1,36,365,360,370,36),(1,37,375,370,380,37),(1,38,385,380,390,38),(1,39,395,390,400,39),(1,40,405,400,410,40),(1,41,415,410,420,41),(1,42,425,420,430,42),(1,43,435,430,440,43),(1,44,445,440,450,44),(1,45,455,450,460,45),(1,46,465,460,470,46),(1,47,475,470,480,47),(1,48,485,480,490,48),(1,49,495,490,500,49),(1,50,505,500,510,50),(1,51,515,510,520,51),(1,52,525,520,530,52),(1,53,535,530,540,53),(1,54,545,540,550,54),(1,55,555,550,560,55),(1,56,565,560,570,56),(1,57,575,570,580,57),(1,58,585,580,590,58),(1,59,595,590,600,59),(1,60,605,600,610,60),(6,12,149,144,154,12),(6,13,161,156,166,13),(6,14,173,168,178,14),(6,15,185,180,190,15),(6,16,197,192,202,16),(6,17,209,204,214,17),(6,18,221,216,226,18),(6,19,233,228,238,19),(6,20,245,240,250,20),(6,21,257,252,262,21),(6,22,269,264,274,22),(6,23,281,276,286,23),(6,24,293,288,298,24),(6,25,305,300,310,25),(6,26,317,312,322,26),(6,27,329,324,334,27),(6,28,341,336,346,28),(6,29,353,348,358,29),(6,30,365,360,370,30),(6,31,377,372,382,31),(6,32,389,384,394,32),(6,33,401,396,406,33),(6,34,413,408,418,34),(6,35,425,420,430,35),(6,36,437,432,442,36),(6,37,449,444,454,37),(6,38,461,456,466,38),(6,39,473,468,478,39),(6,40,485,480,490,40),(6,41,497,492,502,41),(6,42,509,504,514,42),(6,43,521,516,526,43),(6,44,533,528,538,44),(6,45,545,540,550,45),(6,46,557,552,562,46),(6,47,569,564,574,47),(6,48,581,576,586,48),(6,49,593,588,598,49),(6,50,605,600,610,50),(6,51,617,612,622,51),(6,52,629,624,634,52),(6,53,641,636,646,53),(6,54,653,648,658,54),(6,55,665,660,670,55),(6,56,677,672,682,56),(6,57,689,684,694,57),(6,58,701,696,706,58),(6,59,713,708,718,59),(6,60,725,720,730,60),(7,11,93,88,98,11),(7,12,101,96,106,12),(7,13,109,104,114,13),(7,14,117,112,122,14),(7,15,125,120,130,15),(7,16,133,128,138,16),(7,17,141,136,146,17),(7,18,149,144,154,18),(7,19,157,152,162,19),(7,20,165,160,170,20),(7,21,173,168,178,21),(7,22,181,176,186,22),(7,23,189,184,194,23),(7,24,197,192,202,24),(7,25,205,200,210,25),(7,26,213,208,218,26),(7,27,221,216,226,27),(7,28,229,224,234,28),(7,29,237,232,242,29),(7,30,245,240,250,30),(7,31,253,248,258,31),(7,32,261,256,266,32),(7,33,269,264,274,33),(7,34,277,272,282,34),(7,35,285,280,290,35),(7,36,293,288,298,36),(7,37,301,296,306,37),(7,38,309,304,314,38),(7,39,317,312,322,39),(7,40,325,320,330,40),(7,41,333,328,338,41),(7,42,341,336,346,42),(7,43,349,344,354,43),(7,44,357,352,362,44),(7,45,365,360,370,45),(7,46,373,368,378,46),(7,47,381,376,386,47),(7,48,389,384,394,48),(7,49,397,392,402,49),(7,50,405,400,410,50),(7,51,413,408,418,51),(7,52,421,416,426,52),(7,53,429,424,434,53),(7,54,437,432,442,54),(7,55,445,440,450,55),(7,56,453,448,458,56),(7,57,461,456,466,57),(7,58,469,464,474,58),(7,59,477,472,482,59),(7,60,485,480,490,60),(8,11,280,275,285,11),(8,12,305,300,310,12),(8,13,330,325,335,13),(8,14,355,350,360,14),(8,15,380,375,385,15),(8,16,405,400,410,16),(8,17,430,425,435,17),(8,18,455,450,460,18),(8,19,480,475,485,19),(8,20,505,500,510,20),(8,21,530,525,535,21),(8,22,555,550,560,22),(8,23,580,575,585,23),(8,24,605,600,610,24),(8,25,630,625,635,25),(8,26,655,650,660,26),(8,27,680,675,685,27),(8,28,705,700,710,28),(8,29,730,725,735,29),(8,30,755,750,760,30),(8,31,780,775,785,31),(8,32,805,800,810,32),(8,33,830,825,835,33),(8,34,855,850,860,34),(8,35,880,875,885,35),(8,36,905,900,910,36),(8,37,930,925,935,37),(8,38,955,950,960,38),(8,39,980,975,985,39),(8,40,1005,1000,1010,40),(8,41,1030,1025,1035,41),(8,42,1055,1050,1060,42),(8,43,1080,1075,1085,43),(8,44,1105,1100,1110,44),(8,45,1130,1125,1135,45),(8,46,1155,1150,1160,46),(8,47,1180,1175,1185,47),(8,48,1205,1200,1210,48),(8,49,1230,1225,1235,49),(8,50,1255,1250,1260,50),(8,51,1280,1275,1285,51),(8,52,1305,1300,1310,52),(8,53,1330,1325,1335,53),(8,54,1355,1350,1360,54),(8,55,1380,1375,1385,55),(8,56,1405,1400,1410,56),(8,57,1430,1425,1435,57),(8,58,1455,1450,1460,58),(8,59,1480,1475,1485,59),(8,60,1505,1500,1510,60),(9,11,203,198,208,11),(9,12,221,216,226,12),(9,13,239,234,244,13),(9,14,257,252,262,14),(9,15,275,270,280,15),(9,16,293,288,298,16),(9,17,311,306,316,17),(9,18,329,324,352,18),(9,19,347,342,352,19),(9,20,365,360,370,20),(9,21,383,378,388,21),(9,22,401,396,406,22),(9,23,419,414,424,23),(9,24,437,432,442,24),(9,25,455,450,460,25),(9,26,473,468,478,26),(9,27,491,486,496,27),(9,28,509,504,514,28),(9,29,527,522,532,29),(9,30,545,540,550,30),(9,31,563,558,568,31),(9,32,581,576,586,32),(9,33,599,594,604,33),(9,34,617,612,622,34),(9,35,635,630,640,35),(9,36,653,648,658,36),(9,37,671,666,676,37),(9,38,689,684,694,38),(9,39,707,702,712,39),(9,40,725,720,730,40),(9,41,743,738,748,41),(9,42,761,756,766,42),(9,43,779,774,784,43),(9,44,797,792,802,44),(9,45,815,810,820,45),(9,46,833,828,838,46),(9,47,851,846,856,47),(9,48,869,864,874,48),(9,49,887,882,892,49),(9,50,905,900,910,50),(9,51,923,918,928,51),(9,52,941,936,946,52),(9,53,959,954,964,53),(9,54,977,972,982,54),(9,55,995,990,1000,55),(9,56,1013,1008,1018,56),(9,57,1031,1026,1036,57),(9,58,1049,1044,1054,58),(9,59,1067,1062,1072,59),(9,60,1085,1080,1090,60),(13,3,500,150,250,25),(13,4,600,175,300,30),(13,5,700,200,350,35),(13,6,800,225,400,40),(13,7,900,250,450,45),(13,8,1000,275,500,50),(13,9,1100,300,550,55),(13,10,1200,300,600,60),(14,3,500,30,250,25),(14,4,600,40,300,30),(14,5,700,50,350,35),(14,6,800,60,400,40),(14,7,900,80,450,45),(14,8,1000,90,500,50),(14,9,1100,120,550,55),(14,10,1200,150,600,60),(15,3,500,30,250,25),(15,4,600,40,300,30),(15,5,700,50,350,35),(15,6,800,60,400,40),(15,7,900,80,450,45),(15,8,1000,90,500,50),(15,9,1100,120,550,55),(15,10,1200,150,600,60),(2,57,575,570,580,57);

/*Data for the table `research_type` */

insert  into `research_type`(`id`,`name`) values (1,'功法'),(2,'阵法');

/*Data for the table `role` */

insert  into `role`(`id`,`sign`,`name`,`role_job_id`,`gender`,`role_stunt_id`,`strength`,`agile`,`intellect`,`fees`) values (1,'JianLingNan','剑灵男',2,0,1,60,50,50,0),(2,'JianLingNv','剑灵女',2,1,1,60,50,50,0),(3,'WuShengNan','武圣男',1,0,2,60,50,50,0),(4,'WuShengNv','武圣女',1,0,2,60,50,50,0),(5,'FeiYuNan','飞羽男',3,0,2,60,50,50,0),(6,'FeiYuNv','飞羽女',3,0,2,60,50,50,0);

/*Data for the table `role_attack_range` */

insert  into `role_attack_range`(`id`,`sign`,`name`) values (1,'A','点'),(2,'B','纵'),(3,'C','横'),(4,'D','全');

/*Data for the table `role_job` */

insert  into `role_job`(`id`,`role_attack_range_id`,`sign`,`name`) values (1,1,'WuSheng','武圣'),(2,1,'JianLing','剑灵'),(3,1,'FeiYu','飞羽'),(5,1,'YiZu','异族'),(6,1,'ShuShi','术士'),(7,1,'FangShi','方士');

/*Data for the table `role_job_level_data` */

insert  into `role_job_level_data`(`job_id`,`level`,`max_health`,`require_exp`,`attack`,`defense`,`stunt_attack`,`stunt_defense`,`magic_attack`,`magic_defense`,`critical`,`dodge`,`hit`,`block`) values (1,1,20,100,3,2,1,0,0,0,0,0,0,25),(1,2,20,120,3,2,1,0,0,0,0,0,0,0),(1,3,20,140,3,2,1,0,0,0,0,0,0,0),(1,4,20,170,3,2,1,0,0,0,0,0,0,0),(1,5,20,200,3,2,1,0,0,0,0,0,0,0),(1,6,20,320,3,2,1,0,0,0,0,0,0,0),(1,7,20,373,3,2,1,0,0,0,0,0,0,0),(1,8,20,550,3,2,1,0,0,0,0,0,0,0),(2,1,20,100,3,1,1,0,0,0,10,15,0,0),(2,2,14,120,4,1,1,0,0,0,0,0,0,0),(2,3,14,140,4,1,1,0,0,0,0,0,0,0),(2,4,14,170,4,1,1,0,0,0,0,0,0,0),(2,5,14,200,4,1,1,0,0,0,0,0,0,0),(3,1,20,100,3,2,1,0,0,0,20,5,0,0),(3,2,12,120,4,1,1,0,0,0,0,0,0,0),(3,3,12,140,4,1,1,0,0,0,0,0,0,0),(3,4,12,170,4,1,1,0,0,0,0,0,0,0),(3,5,12,200,4,1,1,0,0,0,0,0,0,0),(1,9,20,760,3,2,1,0,0,0,0,0,0,0),(1,10,20,1173,3,2,1,0,0,0,0,0,0,0),(2,6,14,320,4,1,1,0,0,0,0,0,0,0),(2,7,14,373,4,1,1,0,0,0,0,0,0,0),(2,8,14,550,4,1,1,0,0,0,0,0,0,0),(2,9,14,760,4,1,1,0,0,0,0,0,0,0),(2,10,14,1173,4,1,1,0,0,0,0,0,0,0),(3,6,12,320,4,1,1,0,0,0,0,0,0,0),(3,7,12,373,4,1,1,0,0,0,0,0,0,0),(3,8,12,550,4,1,1,0,0,0,0,0,0,0),(3,9,12,760,4,1,1,0,0,0,0,0,0,0),(3,10,12,1173,4,1,1,0,0,0,0,0,0,0),(1,11,40,1666,6,4,2,0,0,0,0,0,0,0),(1,12,40,2280,6,4,2,0,0,0,0,0,0,0),(1,13,40,2986,6,4,2,0,0,0,0,0,0,0),(1,14,40,3840,6,4,2,0,0,0,0,0,0,0),(1,15,40,5066,6,4,2,0,0,0,0,0,0,0),(1,16,40,6823,6,4,2,0,0,0,0,0,0,0),(1,17,40,8910,6,4,2,0,0,0,0,0,0,0),(1,18,40,11263,6,4,2,0,0,0,0,0,0,0),(1,19,40,14000,6,4,2,0,0,0,0,0,0,0),(1,20,40,17466,6,4,2,0,0,0,0,0,0,0),(1,21,60,21926,9,6,3,0,0,0,0,0,0,0),(1,22,60,26350,9,6,3,0,0,0,0,0,0,0),(1,23,60,32480,9,6,3,0,0,0,0,0,0,0),(1,24,60,38826,9,6,3,0,0,0,0,0,0,0),(1,25,60,47040,9,6,3,0,0,0,0,0,0,0),(1,26,60,55563,9,6,3,0,0,0,0,0,0,0),(1,27,60,66293,9,6,3,0,0,0,0,0,0,0),(1,28,60,77440,9,6,3,0,0,0,0,0,0,0),(1,29,60,90650,9,6,3,0,0,0,0,0,0,0),(1,30,60,105800,9,6,3,0,0,0,0,0,0,0),(2,11,28,1666,8,2,2,0,0,0,0,0,0,0),(2,12,28,2280,8,2,2,0,0,0,0,0,0,0),(2,13,28,2986,8,2,2,0,0,0,0,0,0,0),(2,14,28,3840,8,2,2,0,0,0,0,0,0,0),(2,15,28,5066,8,2,2,0,0,0,0,0,0,0),(2,16,28,6823,8,2,2,0,0,0,0,0,0,0),(2,17,28,8910,8,2,2,0,0,0,0,0,0,0),(2,18,28,11263,8,2,2,0,0,0,0,0,0,0),(2,19,28,14000,8,2,2,0,0,0,0,0,0,0),(2,20,28,17466,8,2,2,0,0,0,0,0,0,0),(2,21,42,21926,12,3,3,0,0,0,0,0,0,0),(2,22,42,26350,12,3,3,0,0,0,0,0,0,0),(2,23,42,32480,12,3,3,0,0,0,0,0,0,0),(2,24,42,38826,12,3,3,0,0,0,0,0,0,0),(2,25,42,47040,12,3,3,0,0,0,0,0,0,0),(2,26,42,55563,12,3,3,0,0,0,0,0,0,0),(2,27,42,66293,12,3,3,0,0,0,0,0,0,0),(2,28,42,77440,12,3,3,0,0,0,0,0,0,0),(2,29,42,90650,12,3,3,0,0,0,0,0,0,0),(2,30,42,105800,12,3,3,0,0,0,0,0,0,0),(3,11,24,1666,8,2,2,0,0,0,0,0,0,0),(3,12,24,2280,8,2,2,0,0,0,0,0,0,0),(3,13,24,2986,8,2,2,0,0,0,0,0,0,0),(3,14,24,3840,8,2,2,0,0,0,0,0,0,0),(3,15,24,5066,8,2,2,0,0,0,0,0,0,0),(3,16,24,6823,8,2,2,0,0,0,0,0,0,0),(3,17,24,8910,8,2,2,0,0,0,0,0,0,0),(3,18,24,11263,8,2,2,0,0,0,0,0,0,0),(3,19,24,14000,8,2,2,0,0,0,0,0,0,0),(3,20,24,17466,8,2,2,0,0,0,0,0,0,0),(3,21,36,21926,12,3,3,0,0,0,0,0,0,0),(3,22,36,26350,12,3,3,0,0,0,0,0,0,0),(3,23,36,32480,12,3,3,0,0,0,0,0,0,0),(3,24,36,38826,12,3,3,0,0,0,0,0,0,0),(3,25,36,47040,12,3,3,0,0,0,0,0,0,0),(3,26,36,55563,12,3,3,0,0,0,0,0,0,0),(3,27,36,66293,12,3,3,0,0,0,0,0,0,0),(3,28,36,77440,12,3,3,0,0,0,0,0,0,0),(3,29,36,90650,12,3,3,0,0,0,0,0,0,0),(3,30,36,105800,12,3,3,0,0,0,0,0,0,0),(1,31,80,123480,12,8,4,0,0,0,0,0,0,0),(1,32,80,141893,12,8,4,0,0,0,0,0,0,0),(1,33,80,163786,12,8,4,0,0,0,0,0,0,0),(1,34,80,187733,12,8,4,0,0,0,0,0,0,0),(1,35,80,213280,12,8,4,0,0,0,0,0,0,0),(1,36,80,243660,12,8,4,0,0,0,0,0,0,0),(1,37,80,275283,12,8,4,0,0,0,0,0,0,0),(1,38,80,311726,12,8,4,0,0,0,0,0,0,0),(1,39,80,351133,12,8,4,0,0,0,0,0,0,0),(1,40,80,393653,12,8,4,0,0,0,0,0,0,0),(1,41,100,441960,15,10,5,0,0,0,0,0,0,0),(1,42,100,492136,15,10,5,0,0,0,0,0,0,0),(1,43,100,549683,15,10,5,0,0,0,0,0,0,0),(1,44,100,610350,15,10,5,0,0,0,0,0,0,0),(1,45,100,677280,15,10,5,0,0,0,0,0,0,0),(1,46,100,750933,15,10,5,0,0,0,0,0,0,0),(1,47,100,828320,15,10,5,0,0,0,0,0,0,0),(1,48,100,913070,15,10,5,0,0,0,0,0,0,0),(1,49,100,1005683,15,10,5,0,0,0,0,0,0,0),(1,50,100,1105220,15,10,5,0,0,0,0,0,0,0),(1,51,120,1210893,18,12,6,0,0,0,0,0,0,0),(1,52,120,1325666,18,12,6,0,0,0,0,0,0,0),(1,53,120,1450100,18,12,6,0,0,0,0,0,0,0),(1,54,120,1582986,18,12,6,0,0,0,0,0,0,0),(1,55,120,1723466,18,12,6,0,0,0,0,0,0,0),(1,56,120,1878166,18,12,6,0,0,0,0,0,0,0),(1,57,120,2039400,18,12,6,0,0,0,0,0,0,0),(1,58,120,2212740,18,12,6,0,0,0,0,0,0,0),(1,59,120,2398836,18,12,6,0,0,0,0,0,0,0),(1,60,120,2598360,18,12,6,0,0,0,0,0,0,0),(2,31,56,123480,16,4,4,0,0,0,0,0,0,0),(2,32,56,141893,16,4,4,0,0,0,0,0,0,0),(2,33,56,163786,16,4,4,0,0,0,0,0,0,0),(2,34,56,187733,16,4,4,0,0,0,0,0,0,0),(2,35,56,213280,16,4,4,0,0,0,0,0,0,0),(2,36,56,243660,16,4,4,0,0,0,0,0,0,0),(2,37,56,275283,16,4,4,0,0,0,0,0,0,0),(2,38,56,311726,16,4,4,0,0,0,0,0,0,0),(2,39,56,351133,16,4,4,0,0,0,0,0,0,0),(2,40,56,393653,16,4,4,0,0,0,0,0,0,0),(2,41,70,441960,20,5,5,0,0,0,0,0,0,0),(2,42,70,492136,20,5,5,0,0,0,0,0,0,0),(2,43,70,549683,20,5,5,0,0,0,0,0,0,0),(2,44,70,610350,20,5,5,0,0,0,0,0,0,0),(2,45,70,677280,20,5,5,0,0,0,0,0,0,0),(2,46,70,750933,20,5,5,0,0,0,0,0,0,0),(2,47,70,828320,20,5,5,0,0,0,0,0,0,0),(2,48,70,913070,20,5,5,0,0,0,0,0,0,0),(2,49,70,1005683,20,5,5,0,0,0,0,0,0,0),(2,50,70,1105220,20,5,5,0,0,0,0,0,0,0),(2,51,84,1210893,24,6,6,0,0,0,0,0,0,0),(2,52,84,1325666,24,6,6,0,0,0,0,0,0,0),(2,53,84,1450100,24,6,6,0,0,0,0,0,0,0),(2,54,84,1582986,24,6,6,0,0,0,0,0,0,0),(2,55,84,1723466,24,6,6,0,0,0,0,0,0,0),(2,56,84,1878166,24,6,6,0,0,0,0,0,0,0),(2,57,84,2039400,24,6,6,0,0,0,0,0,0,0),(2,58,84,2212740,24,6,6,0,0,0,0,0,0,0),(2,59,84,2398836,24,6,6,0,0,0,0,0,0,0),(2,60,84,2598360,24,6,6,0,0,0,0,0,0,0),(3,31,48,123480,16,4,4,0,0,0,0,0,0,0),(3,32,48,141893,16,4,4,0,0,0,0,0,0,0),(3,33,48,163786,16,4,4,0,0,0,0,0,0,0),(3,34,48,187733,16,4,4,0,0,0,0,0,0,0),(3,35,48,213280,16,4,4,0,0,0,0,0,0,0),(3,36,48,243660,16,4,4,0,0,0,0,0,0,0),(3,37,48,275283,16,4,4,0,0,0,0,0,0,0),(3,38,48,311726,16,4,4,0,0,0,0,0,0,0),(3,39,48,351133,16,4,4,0,0,0,0,0,0,0),(3,40,48,393653,16,4,4,0,0,0,0,0,0,0),(3,41,60,441960,20,5,5,0,0,0,0,0,0,0),(3,42,60,492136,20,5,5,0,0,0,0,0,0,0),(3,43,60,549683,20,5,5,0,0,0,0,0,0,0),(3,44,60,610350,20,5,5,0,0,0,0,0,0,0),(3,45,60,677280,20,5,5,0,0,0,0,0,0,0),(3,46,60,750933,20,5,5,0,0,0,0,0,0,0),(3,47,60,828320,20,5,5,0,0,0,0,0,0,0),(3,48,60,913070,20,5,5,0,0,0,0,0,0,0),(3,49,60,1005683,20,5,5,0,0,0,0,0,0,0),(3,50,60,1105220,20,5,5,0,0,0,0,0,0,0),(3,51,72,1210893,24,6,6,0,0,0,0,0,0,0),(3,52,72,1325666,24,6,6,0,0,0,0,0,0,0),(3,53,72,1450100,24,6,6,0,0,0,0,0,0,0),(3,54,72,1582986,24,6,6,0,0,0,0,0,0,0),(3,55,72,1723466,24,6,6,0,0,0,0,0,0,0),(3,56,72,1878166,24,6,6,0,0,0,0,0,0,0),(3,57,72,2039400,24,6,6,0,0,0,0,0,0,0),(3,58,72,2212740,24,6,6,0,0,0,0,0,0,0),(3,59,72,2398836,24,6,6,0,0,0,0,0,0,0),(3,60,72,2598360,24,6,6,0,0,0,0,0,0,0);

/*Data for the table `role_stunt` */

insert  into `role_stunt`(`id`,`role_stunt_type_id`,`sign`,`name`,`role_attack_range_id`) values (1,1,'YuJianShu','御剑术',1),(2,1,'MengJi','猛击',1),(3,1,'ChuanXinJue','穿心绝',1);

/*Data for the table `role_stunt_type` */

insert  into `role_stunt_type`(`id`,`sign`,`name`) values (1,'ZhanFa','战法'),(4,'AoYi','奥义'),(5,'BaTi','霸体');

/*Data for the table `town` */

insert  into `town`(`id`,`sign`,`name`,`lock`,`training_coins`,`description`) values (1,'XiaoYuCun','小渔村',1,100,'小渔村'),(2,'SuZhou','苏州',2,200,'苏州城');

/*Data for the table `town_npc` */

insert  into `town_npc`(`id`,`town_id`,`npc_id`,`position_x`,`position_y`,`resource_id`) values (1,1,1,1,1,1),(2,1,2,1,1,2),(3,1,3,1,1,3),(4,1,4,1,1,4),(5,1,5,1,1,5),(6,2,6,1110,404,6),(8,2,8,2218,414,8),(9,2,9,1659,410,9),(10,2,10,733,412,10),(11,2,11,275,414,11),(12,2,4,1526,406,12),(13,2,2,564,414,7);

/*Data for the table `town_npc_item` */

insert  into `town_npc_item`(`id`,`town_npc_id`,`item_id`) values (1,4,5),(2,4,32),(5,12,5),(4,8,42),(6,10,1),(7,10,16),(8,10,17),(10,4,48),(11,4,49),(12,4,50),(13,4,51),(14,4,52);

/*!40101 SET SQL_MODE=@OLD_SQL_MODE */;
/*!40014 SET FOREIGN_KEY_CHECKS=@OLD_FOREIGN_KEY_CHECKS */;
/*!40014 SET UNIQUE_CHECKS=@OLD_UNIQUE_CHECKS */;
/*!40111 SET SQL_NOTES=@OLD_SQL_NOTES */;
